date,tx_pos,tx_incid,TO,R,rea,hosp,rad,dchosp,incid_rea,incid_hosp,incid_rad,incid_dchosp,conf,conf_j1,pos,esms_dc,dc_tot,pos_7j,cv_dose1,esms_cas
2020-01-23,,,,,,,,,,,,,1,,,,,,,
2020-01-24,,,,,,,,,,,,,3,,,,,,,
2020-01-25,,,,,,,,,,,,,3,,,,,,,
2020-01-26,,,,,,,,,,,,,3,,,,,,,
2020-01-27,,,,,,,,,,,,,0,,,,,,,
2020-01-28,,,,,,,,,,,,,4,,,,,,,
2020-01-29,,,,,,,,,,,,,5,,,,,,,
2020-01-30,,,,,,,,,,,,,6,,,,,,,
2020-01-31,,,,,,,,,,,,,6,,,,,,,
2020-02-01,,,,,,,,,,,,,6,,,,,,,
2020-02-02,,,,,,,,,,,,,6,,,,,,,
2020-02-03,,,,,,,,,,,,,6,,,,,,,
2020-02-04,,,,,,,,,,,,,6,,,,,,,
2020-02-05,,,,,,,,,,,,,6,,,,,,,
2020-02-06,,,,,,,,,,,,,6,,,,,,,
2020-02-07,,,,,,,,,,,,,6,,,,,,,
2020-02-08,,,,,,,,,,,,,11,,,,,,,
2020-02-09,,,,,,,,,,,,,11,,,,,,,
2020-02-10,,,,,,,,,,,,,11,,,,,,,
2020-02-11,,,,,,,,,,,,,11,,,,,,,
2020-02-12,,,,,,,,,,,,,11,,,,,,,
2020-02-13,,,,,,,,,,,,,11,,,,,,,
2020-02-14,,,,,,,,,,,,,11,,,,,,,
2020-02-15,,,,,,,,,,,,,12,,,,,,,
2020-02-16,,,,,,,,,,,,,12,,,,,,,
2020-02-17,,,,,,,,,,,,,12,,,,,,,
2020-02-18,,,,,,,,,,,,,12,,,,,,,
2020-02-19,,,,,,,,,,,,,12,,,,,,,
2020-02-20,,,,,,,,,,,,,12,,,,,,,
2020-02-21,,,,,,,,,,,,,12,,,,,,,
2020-02-22,,,,,,,,,,,,,12,,,,,,,
2020-02-23,,,,,,,,,,,,,12,,,,,,,
2020-02-24,,,,,,,,,,,,,12,,,,,,,
2020-02-25,,,,,,,,,,,,,14,,,,,,,
2020-02-26,,,,,,,,,,,,,17,,,,,,,
2020-02-27,,,,,,,,,,,,,35,,,,,,,
2020-02-28,,,,,,,,,,,,,50,,,,,,,
2020-02-29,,,,,,,,,,,,,100,,,,,,,
2020-03-01,,,,,,,,,,,,,145,,,,,,,
2020-03-02,,,,,,,,,,,,,191,,,,,,,
2020-03-03,,,,,,,,,,,,,212,,,,,,,
2020-03-04,,,,,,,,,,,,,285,,,,,,,
2020-03-05,,,,,,,,,,,,,423,,,,,,,
2020-03-06,,,,,,,,,,,,,613,,,,,,,
2020-03-07,,,,,,,,,,,,,949,,,,,,,
2020-03-08,,,,,,,,,,,,,1126,,,,,,,
2020-03-09,,,,,,,,,,,,,1412,,,,,,,
2020-03-10,,,,,,,,,,,,,1784,,,,,,,
2020-03-11,,,,,,,,,,,,,2281,,,,,,,
2020-03-12,,,,,,,,,,,,,2876,,,,,,,
2020-03-13,,,,,,,,,,,,,3661,,,,,,,
2020-03-14,,,,,,,,,,,,,4499,,,,,,,
2020-03-15,,,,,,,,,,,,,5423,,,,,,,
2020-03-16,,,,,,,,,,,,,6633,,,,,,,
2020-03-17,,,,,,,,,,,,,7730,,,,,,,
2020-03-18,,,0.152431791221827,,771,2972,816,218,,,,,9134,,,,,,,
2020-03-19,,,0.221826809015421,,1002,4073,1180,327,438,2229,519,155,10995,,,,,,,
2020-03-20,,,0.256425464610518,,1297,5226,1587,450,242,1256,317,83,12612,,,,,,,
2020-03-21,,,0.301502570185844,,1453,5900,1811,525,298,1540,368,115,14459,,,,,,,
2020-03-22,,,0.345195729537367,,1674,6954,2117,632,309,1534,315,124,16686,,,,,,,
2020-03-23,,,0.411229735073151,,2080,8673,2567,860,448,2053,377,189,19856,,,,,,,
2020-03-24,,,0.494859628311586,,2503,10163,3281,1100,571,2618,743,244,22302,,,,,,,
2020-03-25,,,0.580268880980625,,2935,12072,4085,1388,607,3166,834,293,25233,,,,,,,
2020-03-26,,,0.662514827995255,,3351,13879,4947,1696,612,3097,888,318,29155,,,,,,,
2020-03-27,,,0.74298141557928,,3758,15701,5698,1995,608,3059,814,307,32964,,,,,,,
2020-03-28,,,0.837485172004745,,4236,17580,6624,2314,695,3353,969,326,37575,,,,,,,
2020-03-29,,,0.907868722815342,,4592,19311,7131,2606,543,2685,543,295,40174,,,,,,,
2020-03-30,,,0.999604586793199,,5056,20946,7923,3024,694,3108,861,423,44550,,,,,,,
2020-03-31,,,1.08659549228944,,5496,22672,9443,3523,767,4146,1589,526,52128,,,,,,,
2020-04-01,,,1.17437722419929,,5940,24543,10934,4032,771,4281,1647,516,56989,,,,,,,
2020-04-02,,,1.24654013444049,,6305,26131,12427,4503,728,3845,1577,524,59105,,,,,,,
2020-04-03,,,1.29616449189403,,6556,27302,14007,5091,640,3627,1655,606,64338,,,,,,,
2020-04-04,,,1.32918149466192,,6723,28003,15437,5532,502,2822,1495,448,68605,,,,,,,
2020-04-05,,,1.3560695927244,,6859,28747,16182,5889,390,1931,773,361,70478,,,,,,,
2020-04-06,,,1.37366548042705,,6948,29569,17249,6494,478,2754,1133,613,74390,,,,,,,
2020-04-07,,,1.38473705021748,,7004,29871,19336,7091,518,3277,2161,607,78167,,,,,,,
2020-04-08,,,1.38770264926849,,7019,30217,21253,7632,482,3139,2022,562,82048,,,,,,,
2020-04-09,,,1.37149070778964,,6937,30608,23205,8044,369,2990,2032,424,86334,,,,,,,
2020-04-10,,,1.35923289837881,,6875,31108,24931,8598,431,3161,1967,578,90676,,,,,,,
2020-04-11,,,1.33491498616054,,6752,31159,26390,8943,255,2044,1527,353,93790,,,,,,,
2020-04-12,,,1.32740213523132,,6714,31665,27185,9253,220,1688,825,315,95403,,,,,,,
2020-04-13,,,1.3226571767497,,6690,31952,27717,9588,227,1257,551,343,98076,,,,,,,
2020-04-14,,,1.30466587584025,,6599,32131,28804,10129,275,1965,1125,559,103573,,,,,,,
2020-04-15,,,1.2516805061289,,6331,31623,30952,10643,284,2415,2224,524,106206,,,,,,,
2020-04-16,,,1.213720838276,,6139,31172,32806,11053,270,2084,1925,435,108847,,,,,,,
2020-04-17,,,1.17081850533808,,5922,31061,34414,11470,242,2166,1720,428,109252,,,,,,,
2020-04-18,,,1.13345195729537,,5733,30515,35977,11834,206,1565,1605,368,111821,,,,,,,
2020-04-19,,,1.11585606959272,,5644,30486,36572,12061,137,890,622,231,112606,,,,,,,
2020-04-20,,,1.10399367338869,,5584,30462,37403,12505,208,1464,933,450,114657,,,,,,,
2020-04-21,,,1.05456702253855,,5334,29984,39175,12892,190,1885,1875,404,117324,,,,,,,
2020-04-22,,,1.01364175563464,,5127,29627,40651,13225,183,1619,1587,349,119151,,,,,,,
2020-04-23,,,0.98200869909055,,4967,29113,42082,13536,178,1410,1531,320,120804,,,,,,,
2020-04-24,,,0.946026097271649,,4785,28554,43486,13841,155,1346,1464,312,122577,,,,,,,
2020-04-25,,,0.917556346381969,,4641,28119,44587,14039,124,999,1166,207,124114,,,,,,,
2020-04-26,,,0.909054962435745,,4598,28114,44896,14191,79,481,318,152,124575,,,,,,,
2020-04-27,,,0.894820086990906,,4526,27954,45506,14486,125,964,736,300,125770,,,,,,,
2020-04-28,,,0.851522340846184,,4392,27607,46322,14676,153,1321,1491,328,127290,,,,,,,
2020-04-29,,,0.816132858837485,,4128,26736,48221,15041,110,1070,1430,251,128442,,,,,,,
2020-04-30,,,0.780347963621985,,3947,26192,49469,15231,121,1048,1327,207,129581,,,,,,,
2020-05-01,,,0.755041518386714,,3819,25809,50204,15350,73,668,862,138,130185,,,,,,,
2020-05-02,,,0.745353894820087,,3770,25751,50554,15468,64,453,381,120,130979,,,,,,,
2020-05-03,,,0.743772241992883,,3762,25739,50776,15564,80,345,245,101,131287,,,,,,,
2020-05-04,,,0.719454329774614,,3639,25472,51363,15807,84,689,619,245,131863,,,,,,,
2020-05-05,,,0.667259786476868,,3375,24701,52728,16041,111,987,1435,244,132967,,,,,,,
2020-05-06,,,0.611901937524713,,3095,23912,53963,16218,69,833,1298,181,137150,,,,,,,
2020-05-07,,,0.575523922499012,,2911,23139,55018,16367,99,728,1291,159,137779,,,,,,,
2020-05-08,,,0.557532621589561,,2820,22657,55773,16478,89,510,817,118,138421,,,,,,,
2020-05-09,,,0.54646105179913,,2764,22547,56029,16554,38,265,274,77,138854,,,,,,,
2020-05-10,,,0.53934361407671,,2728,22502,56208,16623,38,253,212,70,139063,,,,,,,
2020-05-11,,,0.527085804665876,,2666,22219,56715,16801,82,523,560,184,139519,,,,,,,
2020-05-12,,,0.493475682087782,,2496,21530,57776,16984,92,670,1118,194,140227,,,,,,,
2020-05-13,,,0.47153024911032,,2385,21009,58664,17082,69,543,943,105,140734,,901,,,,,
2020-05-14,,,0.446026097271649,,2256,20401,59596,17205,52,542,970,126,141356,,1015,,,,,
2020-05-15,,,0.427441676551997,,2162,19801,60439,17323,64,438,892,120,141919,,1044,,,,,
2020-05-16,,,0.413404507710558,,2091,19372,61057,17393,46,350,652,78,142291,,292,,,,,
2020-05-17,,,0.404705417160933,,2047,19302,61204,17447,24,152,159,54,142411,,142,,,,,
2020-05-18,,,0.387109529458284,,1958,18956,61719,17570,38,375,548,123,142903,,1120,,,,,
2020-05-19,2.16933174921606,8.29769859924746,0.366548042704626,,1854,18409,62554,17695,69,506,882,140,143427,,1055,,,5569,,
2020-05-20,2.11932785550374,8.5316254586624,0.346777382364571,,1754,17882,63345,17793,43,432,823,102,143845,,1058,,,5726,,
2020-05-21,2.06658238516646,7.30686190172554,0.337682878608145,,1708,17527,63849,17851,28,271,530,58,144163,,193,,,4904,,
2020-05-22,1.95332202301802,6.9820462625379,0.328983788058521,,1664,17327,64200,17925,36,263,373,75,144556,,826,,,4686,,
2020-05-23,1.92302137194782,6.94330678263479,0.321866350336101,,1628,17122,64538,17968,30,233,361,47,144806,,266,,,4660,,
2020-05-24,1.92012320413096,6.94777672262361,0.319889284302096,,1618,17129,64608,18003,24,121,80,36,144921,,145,,,4663,,
2020-05-25,1.75146573496875,6.3339049641589,0.31079478054567,,1572,16742,65190,18093,45,342,609,93,145279,,708,,,4251,,
2020-05-26,1.62937723223449,5.91373060520976,0.300316330565441,,1519,16209,65870,18175,37,318,718,92,145555,,773,,,3969,,
2020-05-27,1.53716216216216,5.42352718643576,0.290035587188612,,1467,15627,66575,18240,32,271,736,67,145746,,729,,,3640,,
2020-05-28,1.50783610028143,6.09103822476631,0.275800711743772,,1395,15155,67182,18306,36,253,621,69,149071,,641,,,4088,,
2020-05-29,1.42760379460568,5.74685284562712,0.262554369315935,,1328,14643,67794,18367,29,255,656,63,149668,,595,,,3857,,
2020-05-30,1.45871454922333,5.90330074523585,0.255634638196916,,1293,14329,68259,18424,29,227,486,57,151496,,371,,,3962,,
2020-05-31,1.46725332375925,5.96736988507561,0.254448398576512,,1287,14271,68346,18455,18,72,93,35,151753,,188,,,4005,,
2020-06-01,1.49691810977399,5.16725062707671,0.251087386318703,0.823127403937173,1270,14237,68431,18486,9,89,95,31,152091,,171,,,3468,,
2020-06-02,1.5083382243267,5.09275162726303,0.241399762752076,0.817324381742805,1221,13978,68803,18570,33,229,402,85,151325,,723,,,3418,,
2020-06-03,1.48888671475457,4.98845302752388,0.233096085409253,0.819448061354719,1179,13465,69446,18651,26,250,668,85,151677,,659,,,3348,,
2020-06-04,1.50090848020054,4.96014340759468,0.224001581652827,0.828702857456921,1133,13054,69967,18695,23,195,544,46,152444,,622,,,3329,,
2020-06-05,1.5041782729805,4.90799410772511,0.21055753262159,0.843192722308559,1065,12650,70494,18741,19,213,548,47,153055,,560,,,3294,,
2020-06-06,1.47388760176189,4.79624560800459,0.20363780150257,0.860225009014328,1030,12433,70796,18772,15,143,309,35,153634,,296,,,3219,,
2020-06-07,1.45741353936718,4.72174660819091,0.202451561882167,0.876635173629322,1024,12415,70832,18785,4,37,39,13,153977,,138,,,3169,,
2020-06-08,1.41142392317918,5.29985884674505,0.196718070383551,0.889738715505956,995,12269,71052,18839,23,145,245,55,154188,,559,,,3557,,
2020-06-09,1.38096473029046,5.07785182730029,0.183076314748913,0.897749314322571,926,11915,71496,18892,15,169,463,53,154591,,574,,,3408,,
2020-06-10,1.36406145074177,4.93332376766176,0.1787267694741,0.900044078766002,904,11632,71822,18915,23,130,337,34,155136,,562,,,3311,,
2020-06-11,1.38029014007049,4.9363037276543,0.172993277975484,0.897189908035377,875,11420,72139,18942,26,143,322,28,155561,,624,,,3313,,
2020-06-12,1.41495157384988,5.0152726674568,0.168248319493871,0.890739205267927,851,11079,72562,18970,18,136,440,33,156287,,613,,,3366,,
2020-06-13,1.38451883021427,4.89756424775119,0.166666666666667,0.882662943130682,843,10864,72798,18994,14,68,247,24,156813,,217,,,3287,,
2020-06-14,1.38773197576332,4.89011434776982,0.166271253459866,0.875023353040087,841,10836,72849,19003,6,33,51,9,157220,,133,,,3282,,
2020-06-15,1.37231859251122,4.80220552798968,0.161724001581653,0.869430520087121,818,10707,73034,19032,12,114,198,30,157372,,500,,,3223,,
2020-06-16,1.37561751081178,4.79624560800459,0.156583629893238,0.866850118944898,792,10490,73325,19070,14,143,317,42,157716,,570,,,3219,,
2020-06-17,1.45688618397682,5.0718919073152,0.147093712930012,0.867394328576206,744,10222,73657,19098,14,116,345,30,158174,,747,,,3404,,
2020-06-18,1.44070087222897,5.00335282748661,0.143139580862001,0.870399964400791,724,10080,73877,19126,15,136,236,29,158641,,578,,,3358,,
2020-06-19,1.46804946354813,5.13149110716614,0.138196915776987,0.874969573759606,699,9925,74107,19140,10,116,246,14,159452,,699,,,3444,,
2020-06-20,1.50854617972696,5.3311484266668,0.13582443653618,0.880152286204598,687,9792,74302,19156,7,90,206,19,160093,,351,,,3578,,
2020-06-21,1.50134184009317,5.30134882674133,0.13582443653618,0.885115857920907,687,9778,74362,19163,5,48,60,7,160377,,113,,,3558,,
2020-06-22,1.51642587536305,5.45332678636123,0.133056544088573,0.889703908744322,673,9648,74602,19186,16,142,242,23,160750,,602,,,3660,,
2020-06-23,1.51972604405179,5.58742498602585,0.129300118623962,0.894376662972688,654,9446,74861,19212,15,117,286,26,161267,,660,,,3750,,
2020-06-24,1.45744267392149,5.47567648630533,0.124555160142349,0.900126059066051,630,9254,75117,19223,8,97,272,13,161348,,672,,,3675,,
2020-06-25,1.41945283969273,5.37435784655873,0.123171213918545,0.908294774931156,623,9096,75341,19244,15,124,239,21,161348,,510,,,3607,,
2020-06-26,1.34444255949168,5.1955602470059,0.119810201660735,0.91994318355122,606,8841,75639,19270,15,87,309,26,162936,,579,,,3487,,
2020-06-27,1.32413982367672,5.17619050705435,0.117437722419929,0.935562753398718,594,8715,75803,19285,9,55,167,15,162936,,338,,,3474,,
2020-06-28,1.35403844332923,5.32667848667798,0.117437722419929,0.954740198996549,594,8727,75833,19287,4,44,30,2,162936,,214,,,3575,,
2020-06-29,1.31694849171853,5.43544702640595,0.116844602609727,0.976151280830187,591,8643,75989,19305,15,102,161,18,164260,,675,,,3648,,
2020-06-30,1.28994653556721,5.5397456261451,0.113483590351918,0.997894390540011,574,8491,76264,19326,8,152,282,21,164801,,730,,,3718,,
2020-07-01,1.22720464863386,5.48163640629043,0.109529458283907,1.01786237260006,554,8291,76539,19344,17,106,278,19,165719,,633,,,3679,,
2020-07-02,1.19420809075981,5.60232478598859,0.107750098853302,1.03459844919662,545,8103,76792,19358,12,93,254,16,166378,,591,,,3760,,
2020-07-03,1.19757011225886,5.85413140535882,0.105377619612495,1.04754391675799,533,7946,77049,19376,12,125,267,18,166960,,748,,,3929,,
2020-07-04,1.1852444134498,5.87499112530665,0.102214313958086,1.05706127846601,517,7863,77160,19388,4,47,118,13,167711,,352,,,3943,,
2020-07-05,1.15095121672844,5.70960334572028,0.103005140371688,1.06461448810846,521,7863,77179,19390,5,21,20,2,168159,,103,,,3832,,
2020-07-06,1.13512985802741,5.71705324570165,0.103005140371688,1.07244346843414,521,7806,77308,19403,10,98,130,13,168335,,680,,,3837,,
2020-07-07,1.06722130845568,5.48163640629043,0.101028074337683,1.08251401820555,511,7550,77644,19437,21,127,337,35,168810,,572,,,3679,,
2020-07-08,1.06388411323131,5.58742498602585,0.0994464215104784,1.09603750175189,503,7254,77985,19469,18,83,345,34,169473,,704,,,3750,,
2020-07-09,1.05555661708708,5.76175264558986,0.096085409252669,1.11281235201449,486,7134,78159,19483,8,79,180,15,170094,,708,,,3867,,
2020-07-10,1.04824843619793,5.9226704851874,0.0931198102016607,1.13144052122226,471,7020,78377,19508,9,136,221,25,170752,,856,,,3975,,
2020-07-11,1.0400823703425,5.93012038516877,0.0929221035982602,1.15045874379023,470,6995,78454,19514,7,57,83,6,171504,,357,,,3980,,
2020-07-12,1.0437818668381,5.9509801051166,0.0935152234084618,1.16870888495741,473,6991,78486,19515,5,26,32,1,172089,,117,,,3994,,
2020-07-13,1.06042983565107,6.24897610437131,0.0923289837880585,1.18556711208684,467,6941,78586,19533,10,68,100,18,172377,,880,,,4194,,
2020-07-14,1.11181869701626,5.67086386581717,0.0919335705812574,1.20165293970541,465,6907,78670,19539,7,61,84,6,172888,,184,,,3806,,
2020-07-15,1.10867228095323,5.9003207852433,0.090351917754053,1.21863260556374,457,6873,78809,19559,16,133,140,20,173304,,858,,,3960,,
2020-07-16,1.13520199404898,6.30410536423343,0.0901542111506524,1.23829817410796,456,6754,79025,19577,23,119,218,18,173838,,979,,,4231,,
2020-07-17,1.11326581914817,6.46651318382725,0.0893633847370502,1.26202303144876,452,6646,79233,19591,17,119,213,14,174674,,965,,,4340,,
2020-07-18,1.11309698875591,6.59763142349932,0.0889679715302491,1.2899579496592,450,6614,79322,19599,6,68,90,8,175639,,445,,,4428,,
2020-07-19,1.12218705609689,6.70937992321984,0.088572558323448,1.32096083250442,448,6583,79384,19600,4,36,65,1,176404,,192,,,4503,,
2020-07-20,1.12678987074702,6.93883684264597,0.0873863187030447,1.35270931235314,442,6547,79530,19616,18,137,148,16,176754,,1034,,,4657,,
2020-07-21,1.13949570209947,8.30365851923255,0.085013839462238,1.38209613039365,430,6440,79723,19629,12,109,196,13,177338,,1100,,,5573,,
2020-07-22,1.18258815684557,8.77300221805872,0.0830367734282325,1.40583940220242,420,6324,79946,19636,17,132,225,7,178336,,1173,,,5888,,
2020-07-23,1.20788543323249,9.03076875741405,0.0812574139976275,1.42149946665442,411,5915,80461,19646,13,123,519,14,179398,,1152,,,6061,,
2020-07-24,1.26461479246151,9.49713249624767,0.0761170423092131,1.42825626941992,385,5678,80804,19656,16,126,345,13,180528,,1278,,,6374,,
2020-07-25,1.29318847097624,9.76830885556946,0.0727560300514037,1.42671154022177,368,5634,80915,19664,8,86,116,8,181636,,627,,,6556,,
2020-07-26,1.3006892004333,9.87558741530116,0.0725583234480032,1.41843026973337,367,5640,80947,19665,1,36,34,1,182565,,264,,,6628,,
2020-07-27,1.35271004275974,10.4641295138292,0.073942269671807,1.40562696263048,374,5614,81071,19673,25,118,127,9,183079,,1429,,,7023,,
2020-07-28,1.36549269389284,10.860464192838,0.0713720838275998,1.39078744418166,361,5510,81300,19688,22,172,236,15,183804,,1366,,,7289,,
2020-07-29,1.37460154837262,11.3149080917014,0.0703835508105971,1.37631878873179,356,5409,81489,19703,14,118,191,15,185196,,1478,,,7594,,
2020-07-30,1.40248835939927,11.906430150222,0.0705812574139976,1.36430176531769,357,5334,81656,19719,14,116,174,16,186573,,1549,,,7991,,
2020-07-31,1.43089709536458,12.4413329688842,0.0686041913799921,1.35608250282598,347,5257,81870,19730,16,152,216,11,187919,,1637,,,8350,,
2020-08-01,1.44869605448472,12.6901596282619,0.0680110715697904,1.35223887281181,344,5177,82016,19736,11,77,149,6,189547,,794,,,8517,,
2020-08-02,1.44279062822392,12.6692999083141,0.068208778173191,1.3524656443044,345,5188,82029,19737,3,25,13,1,190739,,250,,,8503,,
2020-08-03,1.51977461550287,13.551368066108,0.0711743772241993,1.35575960958063,360,5157,82155,19759,29,142,142,22,191295,,2021,,,9095,,
2020-08-04,1.62175931167214,14.5138951437007,0.0719652036378015,1.3606907142751,364,5121,82307,19770,21,139,156,11,192334,,2012,,,9741,,
2020-08-05,1.7060358694709,15.2335554819009,0.0711743772241993,1.36567362054739,360,5107,82449,19779,15,137,144,9,194029,,1961,,,10224,,
2020-08-06,1.79553732779654,16.1513831596054,0.0723606168446026,1.36928931493462,366,5019,82659,19786,21,141,211,7,195633,,2165,,,10840,,
2020-08-07,1.89983042535661,17.1437098371236,0.0709766706207987,1.3709348770485,359,4970,82825,19798,20,136,168,12,197921,,2303,,,11506,,
2020-08-08,1.9273759098573,17.4580956163373,0.0723606168446026,1.37086385323584,366,4981,82881,19800,12,73,59,2,200105,,1005,,,11717,,
2020-08-09,1.95673106943207,17.7426817956256,0.0727560300514037,1.37014532799044,368,4992,82886,19800,4,14,5,0,201990,,441,,,11908,,
2020-08-10,2.08296502910422,18.9599954525811,0.0735468564650059,1.37034085002372,372,5004,83036,19814,28,180,151,14,202775,,2838,,,12725,,
2020-08-11,2.19740049406677,19.9731818500471,0.0725583234480032,1.37300124464371,367,4971,83226,19829,21,191,194,15,204172,,2692,,,13405,,
2020-08-12,2.33383854252304,21.3603532265778,0.0701858442071965,1.37947921492693,355,4850,83461,19846,17,143,241,18,206696,,2892,,,14336,,
2020-08-13,2.51194279604469,23.4180156014315,0.0693950177935943,1.39076499319346,351,4824,83651,19863,25,201,203,17,209365,,3546,,,15717,,
2020-08-14,2.67294625357825,25.7662240755587,0.0680110715697904,1.40706909561079,344,4788,83836,19881,20,173,191,19,212211,,3879,,,17293,,
2020-08-15,2.72919266583469,25.4160787764344,0.0697904310003954,1.42767912412596,353,4817,83880,19884,15,87,49,4,215521,,770,,,17058,,
2020-08-16,2.74813572671723,25.7855938155102,0.0697904310003954,1.45052091613508,353,4820,83909,19885,2,33,29,1,218536,,689,,,17306,,
2020-08-17,2.92732096128251,29.0352401873829,0.0713720838275998,1.47254353955502,361,4885,84053,19904,34,234,148,19,219029,,5019,,,19487,,
2020-08-18,3.06151173337807,32.0852292397548,0.0705812574139976,1.49046074452699,357,4783,84297,19920,28,185,255,17,221267,,4739,,,21534,,
2020-08-19,3.18785161624742,35.0041000524547,0.0715697904310004,1.50148451574205,362,4781,84440,19937,31,162,161,17,225043,,4851,,,23493,,
2020-08-20,3.25788070197315,37.3716782665334,0.0727560300514037,1.50444285185275,368,4723,84615,19949,28,149,187,12,229814,,5135,,,25082,,
2020-08-21,3.2802527142366,39.2371332218679,0.0725583234480032,1.49967193188534,367,4720,84802,19972,37,210,189,23,234400,,5131,,,26334,,
2020-08-22,3.29149800926052,41.4244238563975,0.0727560300514037,1.48860139968366,368,4685,84923,19980,10,114,139,12,238002,,2238,,,27802,,
2020-08-23,3.32354418412267,41.9027074352013,0.0733491498616054,1.47367947001501,371,4683,84946,19981,6,29,24,1,242899,,1010,,,28123,,
2020-08-24,3.42978523508298,44.820088267905,0.0765124555160142,1.45774992938785,387,4664,85172,19996,43,233,232,15,244854,,6977,,,30081,,
2020-08-25,3.53819698264094,47.8864671002359,0.079280347963622,1.44302552780201,401,4578,85494,20016,49,265,334,22,248158,,6797,,,32139,,
2020-08-26,3.59667588619739,50.6086605534277,0.0737445630684065,1.43079406700167,373,4535,85731,20034,21,215,242,19,253587,,6678,,,33966,,
2020-08-27,3.6736038602289,53.9953850849575,0.0741399762752076,1.42104564794268,375,4517,85954,20046,32,225,225,15,259698,,7408,,,36239,,
2020-08-28,3.78121966890405,57.6979853756973,0.0753262158956109,1.4128299252356,381,4517,86147,20065,32,241,204,19,267077,,7616,,,38724,,
2020-08-29,3.7992553044174,58.8661296927758,0.0778964017398181,1.40495353100154,394,4512,86268,20071,28,135,127,6,272530,,3022,,,39508,,
2020-08-30,3.81339535097567,59.319083611643,0.0782918149466192,1.3962496759678,396,4517,86280,20075,5,23,13,4,277943,,1314,,,39812,,
2020-08-31,3.94167395416281,63.0619133622822,0.0796757611704231,1.38577526899787,403,4564,86439,20104,45,254,163,29,281025,,9489,,,42324,,
2020-09-01,4.06861630746442,66.1342521145982,0.0826413602214314,1.37326637514127,418,4586,86682,20123,54,300,252,19,286007,,8859,,,44386,,
2020-09-02,4.23526408042647,69.6997742456809,0.0869909054962436,1.35914019132963,440,4614,86933,20148,57,317,258,26,293024,,9071,,,46779,,
2020-09-03,4.41267349072501,73.1982472769312,0.0905496243574535,1.34427320341438,458,4625,87176,20168,55,307,252,21,300181,,9756,,,49127,,
2020-09-04,4.56462736688641,76.8799878477232,0.0923289837880585,1.329741876159,467,4653,87417,20186,46,292,247,19,309156,,10087,,,51598,,
2020-09-05,4.61994141127372,78.4131772638886,0.0941083432186635,1.31648010652118,476,4667,87549,20198,23,168,137,12,317706,,4051,,,52627,,
2020-09-06,4.63156250630683,78.6456141433073,0.0948991696322657,1.30512957658615,480,4697,87578,20201,8,66,29,3,324777,,1470,,,52783,,
2020-09-07,4.78537848392815,82.7788186529702,0.104982206405694,1.29578142204732,531,4889,87806,20226,83,448,236,25,328980,,12263,,,55557,,
2020-09-08,4.84500966743846,86.9567225625212,0.112297350731514,1.28802686734918,568,4942,88196,20265,86,490,402,39,335524,,11663,,,58361,,
2020-09-09,4.86405861614672,90.327057314092,0.117240015816528,1.28106393211769,593,4985,88494,20295,71,386,304,30,344101,,11333,,,60623,,
2020-09-10,4.8587472895418,93.7495413655324,0.120205614867537,1.27389875198822,608,5077,88712,20314,54,352,229,19,353944,,12053,,,62920,,
2020-09-11,4.78877783769331,95.5345374010681,0.124159746935548,1.26571117520402,628,5136,89029,20354,64,447,332,40,363350,,11285,,,64118,,
2020-09-12,4.78691932754916,96.1975784994099,0.129497825227363,1.25592562185583,655,5176,89201,20371,51,243,180,17,373911,,4496,,,64563,,
2020-09-13,4.79258280344711,96.3435965390447,0.130881771451166,1.2442305771379,662,5228,89240,20377,18,98,40,6,381094,,1568,,,64661,,
2020-09-14,4.87211195973073,100.028317069829,0.13938315539739,1.23075291214855,705,5479,89477,20411,104,545,247,34,387252,,14736,,,67134,,
2020-09-15,4.92196895878243,102.808619742876,0.148675365757216,1.21596830338154,752,5660,89861,20447,117,642,397,37,395104,,13529,,,69000,,
2020-09-16,5.0361189656259,105.962907394987,0.157374456306841,1.20045729363918,796,5800,90305,20493,100,649,450,46,404888,,13450,,,71117,,
2020-09-17,5.17776794643276,108.46458380873,0.156781336496639,1.18475793749628,793,5825,90810,20543,81,599,514,50,415481,,13732,,,72796,,
2020-09-18,5.3772663190428,111.444543801277,0.162119414788454,1.16914265653424,820,5800,91544,20665,100,850,754,123,428696,,13285,,,74796,,
2020-09-19,5.45533235743362,112.497959658643,0.163503361012258,1.15360868698108,827,5493,92289,20690,73,470,753,26,442194,,5203,,,75503,,
2020-09-20,5.46996646088692,112.851084917759,0.164887307236062,1.13793931579278,834,5356,92552,20701,24,139,266,12,452763,,1805,,,75740,,
2020-09-21,5.675872819571,114.199516814387,0.180308422301305,1.12175697625269,912,5597,92978,20754,143,754,440,53,458061,,15641,,,76645,,
2020-09-22,5.93285674504879,115.233562931801,0.186635033610123,1.10458996365069,944,5777,93508,20821,130,783,538,68,468069,,14223,,,77339,,
2020-09-23,6.10596690251753,114.552642073504,0.196718070383551,1.08600354627697,995,5913,93952,20864,124,649,459,43,481141,,12993,,,76882,,
2020-09-24,6.22361268444975,113.047762277268,0.205812574139976,1.06579826840689,1041,6012,94383,20916,124,613,456,53,497237,,12722,,,75872,,
2020-09-25,6.31627524776365,111.550332381013,0.215895610913405,1.04466761571697,1092,6110,94860,20971,129,661,496,56,513034,,12280,,,74867,,
2020-09-26,6.33119105292558,110.951360422511,0.218465796757612,1.02425872508971,1105,6154,95272,21010,89,503,422,41,527446,,4801,,,74465,,
2020-09-27,6.32929028728706,110.328548784068,0.219849742981416,1.00704359604137,1112,6235,95395,21037,47,241,126,27,538569,,1387,,,74047,,
2020-09-28,6.31104531363609,107.470767151216,0.228944246737841,0.996024860439457,1158,6397,95743,21118,137,619,356,81,542639,,13723,,,72129,,
2020-09-29,6.31575938041341,105.332645856563,0.236852510873863,0.9938630302884,1198,6482,96296,21177,165,698,565,59,550690,,12788,,,70694,,
2020-09-30,6.43565253474091,105.8377490753,0.243574535389482,1.00267482603784,1232,6572,96766,21240,135,650,482,64,563535,,13332,,,71033,,
2020-10-01,6.66646561902569,108.69255074816,0.248912613681297,1.02386314869291,1259,6634,97240,21303,142,626,485,63,577505,,14638,,,72949,,
2020-10-02,7.04052612054792,114.528802393563,0.251087386318703,1.05734952084019,1270,6740,97747,21350,120,721,527,48,589653,,16197,,,76866,,
2020-10-03,7.22773504655263,118.142003884527,0.254843811783314,1.10125108361275,1289,6740,98199,21393,103,532,463,49,606625,,7226,,,79291,,
2020-10-04,7.2710971952324,119.027052002313,0.263938315539739,1.15192445767269,1335,6964,98343,21425,91,418,148,32,619190,,1981,,,79885,,
2020-10-05,7.87790169618946,130.528207593549,0.27856860419138,1.2044574039649,1409,7276,98649,21494,152,710,316,70,624274,,21442,,,87604,,
2020-10-06,8.37678556070884,140.77182006793,0.280150257018584,1.25398091248028,1417,7377,99264,21556,168,829,636,65,634763,,19663,,,94479,,
2020-10-07,8.85820267393815,151.791712120369,0.277975484381178,1.29651992425953,1406,7514,99762,21636,143,789,545,80,653509,,20728,,,101875,,
2020-10-08,9.25837223736406,163.581923830882,0.280347963621985,1.32986680382326,1418,7603,100275,21712,114,711,524,77,671638,,22551,,,109788,,
2020-10-09,9.53677723259369,175.322966201517,0.284499802293397,1.35365202759566,1439,7843,100797,21774,150,848,534,62,691977,,24077,,,117668,,
2020-10-10,9.68214688420929,181.418474366272,0.287860814551206,1.36902068113208,1456,7976,101280,21828,110,694,495,54,718873,,11317,,,121759,,
2020-10-11,9.73024499450206,183.269029521644,0.293198892843021,1.3780954376541,1483,8231,101460,21874,73,503,184,46,734974,,3223,,,123001,,
2020-10-12,10.1263081590831,198.568144123381,0.304270462633452,1.38337296739547,1539,8671,101868,21969,171,976,417,96,743479,,31710,,,133269,,
2020-10-13,10.3803452401548,211.873665490104,0.322854883353104,1.38736059405518,1633,8928,102649,22053,226,1168,802,87,756472,,28593,,,142199,,
2020-10-14,10.4896613247968,223.903763980017,0.328983788058521,1.39226910782414,1664,9173,103382,22157,193,1133,755,104,779063,,28802,,,150273,,
2020-10-15,10.6442763676489,238.018344484716,0.344207196520364,1.39952201468585,1741,9584,104051,22245,219,1207,687,88,809684,,32024,,,159746,,
2020-10-16,10.8280711091097,252.223813769188,0.354092526690391,1.40966741874798,1791,10021,104665,22367,212,1225,637,122,834770,,33611,,,169280,,
2020-10-17,10.895954738758,258.142014314387,0.369315935152234,1.42221096373438,1868,10399,105163,22456,175,986,506,90,867197,,15289,,,173252,,
2020-10-18,10.9359050344818,260.350164668864,0.383353103993673,1.4358752644037,1939,10897,105400,22541,147,835,245,85,897034,,4705,,,174734,,
2020-10-19,11.4434551572545,280.569193218296,0.413206801107157,1.4490228601933,2090,11640,105904,22687,269,1424,517,146,910277,,45280,,,188304,,
2020-10-20,12.1022402111225,304.061707819542,0.4286279161724,1.45996308351032,2168,12435,106808,22849,278,1943,923,163,930745,,44360,,,204071,,
2020-10-21,12.8056517456092,330.818768592622,0.442665085013839,1.46721583338682,2239,13162,107621,23012,284,1754,825,166,957421,,46760,,,222029,,
2020-10-22,13.4894115738449,359.281856461436,0.456702253855279,1.46962125806205,2310,14009,108568,23174,262,1998,974,165,999043,,51127,,,241132,,
2020-10-23,14.1907665933103,391.712761060326,0.480822459470146,1.46642688708951,2432,14985,109455,23358,299,2091,908,184,1041075,,55377,,,262898,,
2020-10-24,14.5196002706312,406.408433763573,0.492487149070779,1.45748791450389,2491,15637,110291,23495,233,1667,845,138,1086497,,25152,,,272761,,
2020-10-25,14.6075533208822,410.321121233787,0.509094503756426,1.44310270673008,2575,16454,110629,23611,191,1298,344,116,1138507,,7331,,,275387,,
2020-10-26,15.3224007854618,445.287971786335,0.545867931988928,1.42363560021595,2761,17761,111316,23868,357,2314,712,258,1165278,,68748,,,298855,,
2020-10-27,15.7200574243222,470.86347842237,0.57512850929221,1.39937362227937,2909,18955,112685,24156,431,2988,1407,292,1198695,,61525,,,316020,,
2020-10-28,15.879463525059,486.01359502448,0.600237247924081,1.37045012502427,3036,20184,113946,24400,372,2821,1304,244,1235132,,56928,,,326188,,
2020-10-29,15.8838913989828,493.535014045669,0.622182680901542,1.3369323827146,3147,21160,115256,24635,395,2607,1364,250,1282769,,56175,,,331236,,
2020-10-30,15.8269047205523,498.301460053748,0.665875840253064,1.29916382117333,3368,22153,116502,24890,422,2563,1293,256,1331984,,58576,,,334435,,
2020-10-31,15.7787403640796,499.982157489545,0.680703835508106,1.25771816774945,3443,23013,117563,25113,339,2274,1125,224,1367625,,26280,,,335563,,
2020-11-01,15.7627045318175,499.447254670882,0.705614867536576,1.2132884670205,3569,24008,118196,25344,289,1883,651,231,1413915,,6972,,,335204,,
2020-11-02,15.7359530309697,501.461707625844,0.73566627125346,1.16671628345929,3721,25120,119073,25760,430,2547,924,418,1466433,,70100,,,336556,,
2020-11-03,15.5912275110599,497.857446014859,0.764926848556742,1.11891786586518,3869,26242,120683,26186,469,3311,1667,430,1502763,,59106,,,334137,,
2020-11-04,15.3712862453252,487.721112100209,0.806642941874259,1.07075987606051,4080,27511,122631,26571,540,3681,1995,394,1543321,,50125,,,327334,,
2020-11-05,14.9943011106471,473.961146834623,0.834519572953737,1.02297660882145,4221,28403,124247,26934,447,2989,1688,367,1601367,,46940,,,318099,,
2020-11-06,14.5042552553082,453.754038125161,0.854290233293792,0.975924499925613,4321,28955,126298,27332,434,3140,2100,405,1661853,,45014,,,304537,,
2020-11-07,14.2524786657909,441.332074896229,0.871886120996441,0.929666958677511,4410,29396,127907,27636,394,2458,1663,306,1748705,,17943,,,296200,,
2020-11-08,14.1987771739787,437.468556765891,0.895017793594306,0.884340280286065,4527,30217,128583,27906,323,1814,693,271,1787324,,4379,,,293607,,
2020-11-09,13.4652227328209,404.01850584955,0.924673784104389,0.840283413857603,4677,31098,129704,28454,484,2670,1162,551,1807479,,47650,,,271157,,
2020-11-10,12.6321823016987,371.714249550343,0.936338473705022,0.798109545610502,4736,31477,131889,28920,472,3168,2251,472,1829659,,37425,,,249476,,
2020-11-11,12.1143983777409,305.046584597078,0.946816923685251,0.758748857101708,4789,31918,133665,29248,351,2588,1826,329,1865538,,5381,,,204732,,
2020-11-12,11.5991433288645,289.537382815867,0.965599051008304,0.723109235283073,4884,32654,134923,29673,386,2371,1255,418,1898710,33172,36531,,,194323,,
2020-11-13,11.0558087718994,265.568074615814,0.966192170818505,0.692033841492873,4887,32676,137124,30129,473,2841,2266,467,1922504,23794,28927,,,178236,,
2020-11-14,10.8160670018273,255.227613441676,0.959865559509688,0.66628971732504,4855,32468,139110,30483,327,2202,2026,359,1954599,32095,11003,,,171296,,
2020-11-15,10.7641200229715,252.742326807891,0.964808224594702,0.646260549145724,4880,33050,139779,30785,270,1574,685,302,1981827,27228,2711,,,169628,,
2020-11-16,10.1951601148166,226.979082692325,0.969355476472914,0.631817449253645,4903,33466,140849,31291,366,2065,1117,508,1991233,9406,30359,,,152337,,
2020-11-17,9.72289877168642,203.720494950495,0.956504547251878,0.622315535297859,4838,33139,143121,31719,382,2513,2326,437,2036755,45522,21815,,,136727,,
2020-11-18,9.54832363729519,221.583865125819,0.940885725583234,0.616618580928883,4759,32811,145360,32144,361,2435,2294,427,2065138,28383,17370,,,148716,,
2020-11-19,8.95034944418431,192.246158999192,0.916765519968367,0.613585796904157,4637,32314,147538,32573,311,2221,2230,436,2086288,21150,16841,,,129026,,
2020-11-20,8.41251629386873,173.375562346388,0.902728351126928,0.612248447223527,4566,31875,149490,32954,264,1968,1970,386,2109170,22882,16262,,,116361,,
2020-11-21,8.18550605810166,167.791117320354,0.888295769078687,0.611920136456622,4493,31365,151146,33207,220,1515,1687,276,2127051,17881,7255,,,112613,,
2020-11-22,8.1324435251021,166.48142490363,0.887900355871886,0.612275969387215,4491,31522,151650,33421,171,906,513,215,2140208,13157,1832,,,111734,,
2020-11-23,7.54045615142676,147.707676950583,0.877421905891657,0.613380697488714,4438,31449,152561,33921,244,1380,960,501,2144660,4452,17759,,,99134,,
2020-11-24,7.16513624310523,135.679068440667,0.845591142744168,0.615563690748162,4277,30594,154648,34374,270,1786,2135,457,2153815,9155,13742,,,91061,,
2020-11-25,6.89835657903779,128.625503138308,0.81771451166469,0.619372279841472,4136,29944,156521,34755,258,1677,1929,384,2170097,16282,12636,,,86327,,
2020-11-26,6.69667497297456,122.206669314361,0.792012653222618,0.625482858481612,4006,29282,158205,35094,192,1460,1729,340,2183660,13563,12533,,,82019,,
2020-11-27,6.51358384511294,116.546235308518,0.765322261763543,0.634639266140536,3871,28620,159884,35487,206,1471,1720,396,2196119,12459,12463,,,78220,,
2020-11-28,6.43986221550184,114.7940188329,0.744365361803084,0.647507008926256,3765,28139,161106,35700,122,976,1237,213,2208699,12580,6079,,,77044,,
2020-11-29,6.4266018819687,114.460263313735,0.740213523131673,0.664572625500023,3744,28284,161396,35898,102,652,306,198,2218483,9784,1608,,,76820,,
2020-11-30,6.39225582331784,111.642711140782,0.73922499011467,0.686031130394604,3739,28229,162250,36304,196,1257,888,408,2222488,4005,15868,,,74929,,
2020-12-01,6.36091273237109,109.644647965779,0.71055753262159,0.711688068279475,3594,27611,163998,36667,234,1572,1768,365,2230571,8083,12401,,,73588,,
2020-12-02,6.34152400562976,108.019079789844,0.687623566627125,0.740915814767214,3478,26986,165532,36976,161,1253,1549,312,2244635,14064,11545,,,72497,,
2020-12-03,6.33401651962035,107.28898959167,0.67516805061289,0.772766346768394,3415,26675,166909,37300,184,1450,1403,326,2257331,12696,12043,,,72007,,
2020-12-04,6.3319839478745,107.439477571294,0.649070778964017,0.806066290902882,3283,26283,168321,37582,165,1400,1434,284,2268552,11221,12564,,,72108,,
2020-12-05,6.33896878704759,108.190427489416,0.636615262949783,0.839633794949816,3220,26040,169327,37796,125,1019,1041,216,2281475,12923,6583,,,72612,,
2020-12-06,6.33789321105521,108.407964568872,0.634638196915777,0.872423554004421,3210,26262,169555,37970,101,627,236,175,2292497,11022,1754,,,72758,,
2020-12-07,6.35108219245437,109.701267205637,0.630288651640965,0.903660610272721,3188,26333,170254,38336,203,1206,706,366,2295908,3411,16736,,,73626,,
2020-12-08,6.29290211810989,110.969240182466,0.608540925266904,0.932926404626448,3078,25882,171837,38713,214,1597,1620,380,2309621,13713,13252,,,74477,,
2020-12-09,6.26001962150027,112.755726197998,0.599248714907078,0.960232171115836,3031,25526,173216,39009,170,1380,1423,296,2324216,14595,12744,,,75676,,
2020-12-10,6.24240895189762,115.02198577233,0.583036773428232,0.986018330574571,2949,25199,174627,39301,191,1445,1438,297,2337966,13750,13564,,,77197,,
2020-12-11,6.17744922622971,117.288245346662,0.568208778173191,1.01105872717025,2874,24943,175860,39605,180,1340,1241,306,2351372,13406,14085,,,78718,,
2020-12-12,6.13758026692205,119.171580061952,0.563661526294978,1.03609235452293,2851,24948,176712,39799,127,1097,875,199,2365319,13947,7847,,,79982,,
2020-12-13,6.12400741203548,119.609634180856,0.565638592328984,1.06126934811521,2861,25207,176964,39949,89,669,266,150,2376852,11533,2048,,,80276,,
2020-12-14,6.06318893665444,124.008055129856,0.572558323448003,1.08604263316886,2896,25449,177616,40320,210,1324,693,372,2379915,3063,19688,,,83228,,
2020-12-15,5.88543554045158,128.013121359839,0.567615658362989,1.10924869244308,2871,25207,179056,40627,211,1562,1476,314,2391447,11532,15940,,,85916,,
2020-12-16,5.57171374771704,131.955608429979,0.561486753657572,1.12920688554197,2840,25282,180280,40916,220,1664,1263,292,2409062,17615,15390,,,88562,,
2020-12-17,5.15195342774707,135.394482261378,0.553183076314749,1.14394128225648,2798,25149,181475,41174,151,1364,1233,261,2427316,18254,15872,,,90870,,
2020-12-18,4.66765191516961,140.470844108682,0.54646105179913,1.15157455346866,2764,24945,182634,41429,176,1285,1188,264,2442990,15674,17492,,,94277,,
2020-12-19,4.3682164806599,144.693447418122,0.537366548042705,1.1505816887833,2718,24819,183540,41618,123,1004,916,190,2460555,17565,10681,,,97111,,
2020-12-20,4.28194664849742,147.105725032089,0.54270462633452,1.14017892724966,2745,24961,183775,41749,91,599,245,131,2473354,12799,3667,,,98730,,
2020-12-21,3.79757568370557,149.482243126145,0.541122973507315,1.12046072388599,2737,25201,184433,42100,179,1284,690,354,2479151,5797,21283,,,100325,,
2020-12-22,3.35796413555561,153.046275277231,0.537564254646105,1.09288739830292,2719,24932,186027,42481,256,1783,1621,386,2490946,11795,18332,,,102717,,
2020-12-23,3.02272601956568,155.193336451861,0.534005535784895,1.06010858515471,2701,24852,187241,42757,200,1426,1235,278,2505875,14929,16831,,,104158,,
2020-12-24,2.8412309410215,150.888784242627,0.522538552787663,1.0255910394563,2643,24607,188608,43047,187,1454,1390,292,2527509,21634,12983,,,101269,,
2020-12-25,2.72525674507371,126.766008102958,0.517200474495848,0.99325974137364,2616,24359,189414,43206,112,743,808,159,2547771,20262,1302,,,85079,,
2020-12-26,2.79653838190856,125.383306666416,0.521945432977461,0.967172771888206,2640,24444,189687,43352,101,513,289,146,2550864,3093,9753,,,84151,,
2020-12-27,2.80980841952402,123.044038072267,0.523922499011467,0.950478242863562,2650,24620,189910,43525,107,589,239,175,2559686,8822,2097,,,82581,,
2020-12-28,3.15660008118703,124.204732489364,0.532621589561091,0.945130246713902,2694,24645,190691,43888,229,1217,806,364,2562646,2960,22062,,,83360,,
2020-12-29,3.73898922123071,126.003138344866,0.527085804665876,0.951310673595226,2666,24743,191775,44272,251,1627,1138,388,2574041,11395,19539,,,84567,,
2020-12-30,4.49770598059241,129.529920996046,0.524317912218268,0.967475229833188,2652,24560,193014,44575,209,1404,1266,304,2600498,26457,19198,,,86934,,
2020-12-31,5.05575263229247,133.357679606472,0.518979833926453,0.991115101712349,2625,24407,194190,44826,177,1317,1188,252,2620425,19927,15552,,,89503,,
2021-01-01,5.08465354783206,133.678025305671,0.515816528272044,1.01900616235356,2609,24263,194870,44959,99,677,687,133,2639773,19348,1517,,,89718,,
2021-01-02,5.29590438943043,139.113472332077,0.520363780150257,1.04762941106279,2632,24458,195143,45115,101,646,285,157,2643239,3466,13401,,,93366,,
2021-01-03,5.34113022804838,140.18774790939,0.526888098062475,1.07457739226376,2665,24780,195355,45231,101,657,224,116,2655728,12489,2818,,,94087,,
2021-01-04,5.62288033934845,148.762582787945,0.525306445235271,1.0988193637029,2657,24962,196006,45609,246,1262,672,380,2659750,4022,27817,,,99842,,
2021-01-05,5.83869772215412,152.576931578405,0.517200474495848,1.12003789526704,2616,24871,197472,45954,245,1747,1474,346,2680239,20489,22099,,,102402,,
2021-01-06,6.12671085550084,152.995615957358,0.515421115065243,1.13816903588258,2607,24708,198725,46237,234,1438,1265,291,2705618,25379,19479,,,102683,,
2021-01-07,6.32432219354022,157.771001845415,0.508699090549624,1.15261120978799,2573,24488,200048,46513,181,1441,1362,277,2727321,21703,18757,,,105888,,
2021-01-08,6.28882819942839,184.417804098771,0.515223408461843,1.16226436878729,2606,24377,201255,46789,245,1445,1230,281,2747135,19814,19401,,,123772,,
2021-01-09,6.27576376115341,180.722653708013,0.514037168841439,1.166299209533,2600,24240,202134,46957,143,944,885,171,2767312,20177,10921,,,121292,,
2021-01-10,6.27895106498422,180.357608608926,0.51799130090945,1.16434371610557,2620,24526,202398,47108,118,729,286,151,2783256,15944,2573,,,121047,,
2021-01-11,6.33220174896661,177.760573475421,0.527085804665876,1.15653489884656,2666,24812,203041,47418,208,1289,687,310,2786837,3581,26074,,,119304,,
2021-01-12,6.26266210963935,175.115858982035,0.529458283906682,1.14389021072428,2678,24703,204359,47773,258,1660,1362,362,2806590,19753,20324,,,117529,,
2021-01-13,6.27896534624724,175.646291860709,0.534005535784895,1.12818487962848,2701,24735,205641,48002,208,1588,1290,232,2830442,23852,19835,,,117885,,
2021-01-14,6.3459176305391,177.432777876241,0.536971134835904,1.11160692028384,2716,24983,206771,48284,206,1691,1143,283,2851670,21228,19956,,,119084,,
2021-01-15,6.4129305237496,179.667747870651,0.539739027283511,1.09644622988115,2730,25009,208040,48564,249,1634,1303,288,2872941,21271,20901,,,120584,,
2021-01-16,6.41638866998925,181.005749907305,0.539936733886912,1.08449670834585,2731,24985,209025,48757,188,1199,1007,196,2894347,21406,11819,,,121482,,
2021-01-17,6.42474108425355,181.405064546306,0.546856465005931,1.07687920479685,2766,25235,209312,48898,136,698,291,141,2910989,16642,2841,,,121750,,
2021-01-18,6.64023279683432,185.945033594951,0.554171609331752,1.07374335536702,2803,25584,210169,49301,254,1666,882,404,2914725,3736,29121,,,124797,,
2021-01-19,6.77541453019911,189.50012586606,0.559311981020166,1.07431293450175,2829,25532,211785,49670,315,1995,1622,373,2938333,23608,22710,,,127183,,
2021-01-20,6.83241143901949,191.976472619867,0.561882166864373,1.07707092911037,2842,25650,213211,49980,292,1911,1461,316,2965117,26784,21497,,,128845,,
2021-01-21,6.85699932142666,194.828294332734,0.566627125345987,1.08014238767647,2866,25699,214507,50326,253,1759,1327,358,2987965,22848,21870,,,130759,,
2021-01-22,6.83717917469047,197.692035885572,0.573744563068406,1.08192347348048,2902,25872,215791,50645,270,1861,1308,323,3011257,23292,22823,,,132681,,
2021-01-23,6.8617239982732,199.171586021872,0.570581257413998,1.08123730000343,2886,25864,216694,50875,172,1174,928,231,3035181,23924,12812,,,133674,,
2021-01-24,6.86584899531682,199.043447742192,0.584223013048636,1.07739798720081,2955,26357,216934,51047,175,918,246,172,3053617,18436,2755,,,133588,,
2021-01-25,6.84154630957262,200.129643159476,0.599248714907078,1.07052472925715,3031,26888,217677,51492,299,1773,769,449,3057857,4240,29850,,,134317,,
2021-01-26,6.7509733221198,199.378693241354,0.6071569790431,1.0614563820282,3071,27005,219121,51842,343,2006,1486,352,3079943,22086,22206,,,133813,,
2021-01-27,6.66226656055821,198.828890622729,0.612297350731514,1.05138605930045,3097,27131,220539,52192,318,1933,1441,351,3106859,26916,21128,,,133444,,
2021-01-28,6.53484839467823,199.603680220791,0.613088177145117,1.04159089582486,3101,27128,221872,52536,272,1726,1362,348,3130629,23770,22390,,,133964,,
2021-01-29,6.43328370186219,199.956805479908,0.616844602609727,1.03293788155291,3120,27270,223143,52891,271,1823,1304,356,3153487,22858,23060,,,134201,,
2021-01-30,6.38395083621883,200.068553979629,0.613483590351918,1.02578160923177,3103,27242,224089,53133,192,1176,942,242,3177879,24392,12887,,,134276,,
2021-01-31,6.39894245865059,200.649646178175,0.622380387504943,1.01996674208689,3148,27573,224375,53328,148,816,298,195,3197114,19235,3145,,,134666,,
2021-02-01,6.42053978545511,200.929762417475,0.636219849742981,1.01488699076312,3218,27874,225288,53783,318,1750,939,456,3201461,4347,30038,,,134854,,
2021-02-02,6.37780851972799,201.749251415425,0.64650059311981,1.00960743091636,3270,28029,226865,54187,369,2189,1601,404,3224798,23337,22756,,,135404,,
2021-02-03,6.32847659765977,201.138359616953,0.645907473309609,1.00313192701089,3267,27953,228441,54544,275,1882,1592,358,3251160,26362,20718,,,134994,,
2021-02-04,6.25063295412349,198.639663163202,0.640569395017794,0.99457708455949,3240,27766,229944,54901,275,1752,1537,360,3274608,23448,20713,,,133317,,
2021-02-05,6.13736325176585,196.267615009135,0.639580862000791,0.983535164133647,3235,27572,231518,55194,255,1719,1590,296,3296747,22139,21468,23383,78577,131725,,179604
2021-02-06,6.07108761481991,195.095000752067,0.63562672993278,0.97014244456596,3215,27327,232662,55385,168,1126,1147,191,3317333,20586,12100,23383,78768,130938,,179604
2021-02-07,6.04773856762036,194.299351434057,0.644918940292606,0.955077408936982,3262,27652,232946,55556,160,790,291,171,3337048,19715,2611,23383,78939,130404,,179604
2021-02-08,5.92736833047038,187.813468510279,0.662910241202056,0.939465605462168,3353,27995,233962,56014,356,1893,1043,460,3341365,4317,25685,23383,79397,126051,,179604
2021-02-09,5.80853538558813,183.416537541275,0.658758402530645,0.924647737871405,3332,27634,235686,56450,334,1931,1764,439,3360235,18870,19805,23671,80121,123100,,182213
2021-02-10,5.69987206162208,179.76012663042,0.654211150652432,0.912120292095413,3309,27417,237082,56746,282,1525,1430,297,3385622,25387,18264,23671,80417,120646,,182213
2021-02-11,5.5642456088642,174.959411082426,0.657769869513642,0.903459992026667,3327,26963,238722,57106,269,1618,1673,371,3406685,21063,17491,23671,80777,117424,,182213
2021-02-12,5.45811652480258,170.592279713349,0.652036378015026,0.899967133387588,3298,26424,240259,57423,264,1405,1561,320,3427386,20701,18537,23999,81422,114493,,184192
2021-02-13,5.39284071654795,168.588256618361,0.651245551601424,0.902504142824696,3294,26196,241323,57622,191,1085,1089,199,3448617,21231,10755,23999,81621,113148,,184192
2021-02-14,5.39319704021812,168.556967038439,0.652234084618426,0.911190974143088,3299,26401,241597,57789,113,651,280,167,3465163,16546,2590,23999,81788,113127,,184192
2021-02-15,5.41230871599763,167.490141361107,0.666468960063266,0.925359234213709,3371,26478,242497,58201,306,1431,934,413,3469539,4376,24969,23999,82200,112411,,184192
2021-02-16,5.45858530105426,167.391802681353,0.659944642151048,0.94375481991506,3338,26195,244207,58552,323,1857,1740,352,3489129,19590,19739,24234,82786,112345,,186226
2021-02-17,5.54386556521943,169.507574276062,0.660340055357849,0.964690716542132,3340,25929,245706,58862,311,1559,1525,311,3514147,25018,19684,24234,83096,113765,,186226
2021-02-18,5.67502655901155,173.990924084849,0.669039145907473,0.986391575515728,3384,25717,247096,59133,262,1490,1411,272,3536648,22501,20500,24234,83367,116774,,186226
2021-02-19,5.83918367821617,179.547059490953,0.668248319493871,1.00714649673535,3380,25506,248457,59458,309,1543,1422,328,3560764,24116,22266,24480,83938,120503,,188270
2021-02-20,5.91365763869611,182.191773984338,0.666073546856465,1.02546009667395,3369,25269,249520,59641,195,1029,1076,183,3583135,22371,12530,24480,84121,122278,,188270
2021-02-21,5.9345692928994,182.848855162695,0.670620798734678,1.04039484024239,3392,25464,249727,59800,141,593,217,160,3605181,22046,3031,24480,84280,122719,,188270
2021-02-22,6.21813526010938,189.082931467104,0.673586397785686,1.05152605960567,3407,25831,250532,60133,274,1529,823,334,3609827,4646,29153,24480,84613,126903,,188270
2021-02-23,6.39771009017484,192.721462618004,0.679122182680902,1.05885562706827,3435,25660,252083,60443,345,1780,1575,314,3629891,20064,22181,24601,85044,129345,,189464
2021-02-24,6.49065474626863,194.753795332921,0.679319889284302,1.06266572469482,3436,25614,253450,60720,319,1636,1396,278,3661410,31519,21048,24601,85321,130709,,189464
2021-02-25,6.56071917248371,195.536034830964,0.678133649663899,1.06316295752713,3430,25317,254868,60981,301,1454,1444,261,3686813,25403,21025,24601,85582,131234,,189464
2021-02-26,6.56763623139784,194.552648033424,0.681099248714907,1.06044582699828,3445,25130,256326,61265,303,1634,1488,286,3712020,25207,21606,24856,86121,130574,,189464
2021-02-27,6.59184207831205,194.680786313103,0.682680901542111,1.05479319092355,3453,24989,257258,61450,208,1007,938,186,3736016,23996,12616,24856,86306,130660,,189464
2021-02-28,6.58722207256155,194.555627993416,0.690391459074733,1.04674546092709,3492,25280,257555,61572,164,728,297,122,3755968,19952,2947,24856,86428,130576,,189464
2021-03-01,6.57171609288794,191.976472619867,0.700672202451562,1.03717860329126,3544,25430,258384,61947,347,1393,857,379,3760671,4703,27422,24856,86803,128845,,189464
2021-03-02,6.54666202956511,190.441793223705,0.708975879794385,1.02724854794016,3586,25263,259893,62247,366,1705,1541,301,3783528,22857,21151,24973,87220,127815,,192376
2021-03-03,6.54065209098303,189.555255125922,0.719058916567813,1.01822282306115,3637,25111,261289,62569,322,1622,1413,326,3810316,26788,20453,24973,87542,127220,,192376
2021-03-04,6.49601696583861,188.765565727897,0.718268090154211,1.01142832033888,3633,24891,262690,62862,293,1538,1424,295,3835595,25279,20495,24973,87835,126690,,192376
2021-03-05,6.47864072816094,189.221499606757,0.727560300514037,1.00817934676109,3680,24765,263919,63100,324,1397,1255,239,3859102,23507,21912,25174,88274,126996,,193354
2021-03-06,6.50178640867385,190.832167982729,0.729339659944642,1.00950118547776,3689,24625,264909,63270,233,1097,998,173,3882408,23306,13697,25174,88444,128077,,193354
2021-03-07,6.5088388098825,191.128674001987,0.740015816528272,1.01602045488491,3743,24818,265295,63400,187,720,389,130,3904233,21825,3146,25174,88574,128276,,193354
2021-03-08,6.58268057355551,193.967085894888,0.760972716488731,1.02777499611351,3849,25195,266096,63759,381,1584,840,360,3909560,5327,29327,25174,88933,130181,,193354
2021-03-09,6.60565432179904,197.677136085609,0.774614472123369,1.04422173766873,3918,25201,267539,64057,421,1810,1471,299,3932862,23302,23641,25244,89301,132671,,193897
2021-03-10,6.68645077184063,202.670059053122,0.774614472123369,1.06440518478164,3918,24969,269019,64321,343,1574,1513,266,3963165,30303,23804,25311,89632,136022,,193897
2021-03-11,6.66726925876415,208.817716517747,0.78924476077501,1.08706601246646,3992,24858,270433,64586,385,1609,1414,266,3990331,27166,24621,25311,89897,140148,,193897
2021-03-12,6.67064711482825,215.573285820851,0.797350731514433,1.11078368259623,4033,24749,271678,64809,306,1448,1262,228,4015560,25229,26446,25311,90120,144682,,195035
2021-03-13,6.72781554064435,220.533429228446,0.804665875840253,1.13407283335173,4070,24671,272615,64978,263,1087,968,174,4045319,29759,17026,25311,90289,148011,,195035
2021-03-14,6.75530946148347,222.169427264354,0.815935152234085,1.15551450586959,4127,24989,272960,65118,188,821,351,140,4071662,26343,4244,25311,90429,149109,,195035
2021-03-15,7.03714092211883,236.252718189132,0.834124159746936,1.17402434102665,4219,25469,273771,65451,401,1676,824,333,4078133,6471,38779,25311,90762,158561,,195035
2021-03-16,7.12327919008267,246.856905822611,0.838078291814947,1.18897427859562,4239,25492,275360,65765,435,2005,1622,320,4108108,29975,30758,25405,91170,165678,,195847
2021-03-17,7.22635748186103,256.742923097886,0.834124159746936,1.20036111918499,4219,25314,276993,66006,357,1745,1638,246,4146609,38501,30439,25405,91411,172313,,195847
2021-03-18,7.27123080549843,266.552951393351,0.839462238038751,1.20872782143344,4246,25389,278263,66274,382,1661,1297,273,4181607,34998,31205,25405,91679,178897,,195847
2021-03-19,7.30992908639175,276.616276288183,0.847568208778173,1.21495179295393,4287,25339,279646,66559,383,1699,1426,297,4216695,35088,33200,25405,91964,185651,,195847
2021-03-20,7.33804201072357,282.138142154373,0.86061684460261,1.21998529229225,4353,25537,280571,66735,317,1348,955,185,4252022,35327,20732,25405,92140,189357,,195847
2021-03-21,7.35150422384462,283.276486871525,0.871095294582839,1.2243375571485,4406,25926,280955,66873,196,926,385,138,4282603,30581,5008,25405,92278,190121,,195847
2021-03-22,7.47548368148749,295.434723641118,0.899169632265718,1.22801172853726,4548,26488,281885,67216,471,1902,955,344,4298395,15792,46939,25405,92621,198281,,195847
2021-03-23,7.51458797335534,306.356277013803,0.916172400158165,1.23057373332098,4634,26756,283507,67503,488,2286,1669,292,4313073,14678,38088,25405,92908,205611,,195847
2021-03-24,7.53838555383032,316.334673048847,0.919533412415975,1.23110870330978,4651,26876,285199,67748,384,2130,1710,248,4378446,65373,37136,25405,93153,212308,,195847
2021-03-25,7.53912642654069,326.79731258268,0.931000395413207,1.22842075930694,4709,27036,286607,67973,408,1860,1432,228,4424087,45641,38227,25405,93378,219330,,195847
2021-03-26,7.54985545658087,336.827857917594,0.942269671807038,1.22150801820863,4766,27242,288062,68276,476,2048,1480,304,4465956,41869,39932,25999,94275,226062,,195847
2021-03-27,7.53434689249874,343.380789941205,0.947212336892052,1.20975550825967,4791,27259,289350,68466,332,1567,1299,194,4508575,42619,25130,25999,94465,230460,,195847
2021-03-28,7.52798581470904,343.55064766078,0.963226571767497,1.19321386234188,4872,27712,289752,68597,238,1017,404,131,4545589,37014,5122,25999,94596,230574,,195847
2021-03-29,7.53097363992235,352.775113817709,0.983392645314354,1.17249772516089,4974,28322,290810,68957,484,2099,1091,362,4554683,9094,53130,25999,94956,236765,,195847
2021-03-30,7.43970525092432,360.919344477341,1.00276789244761,1.148531445887,5072,28510,292796,69293,569,2579,2011,337,4585385,30702,43554,26044,95337,242231,,195847
2021-03-31,7.31697764010997,364.633864608051,0.999011466982997,1.12239725365069,5053,28463,294638,69596,472,2209,1865,304,4644423,59038,39629,26044,95640,244724,,195847
2021-04-01,7.15236027918287,366.539549023285,1.01008303677343,1.09518404177331,5109,28581,296166,69904,480,2035,1561,313,4695082,50659,39506,26044,95948,246003,,195847
2021-04-02,7.03906536911783,364.693463807902,1.03875049426651,1.06773717361249,5254,28729,297734,70204,505,2092,1614,301,4741759,46677,38693,26076,96280,244764,,195847
2021-04-03,6.89410773283234,363.48658001092,1.04250691973112,1.04087176852178,5273,28886,299075,70389,399,1730,1348,187,4755676,13917,24320,26076,96465,243954,,195847
2021-04-04,6.88137390348958,363.203483811628,1.05595096876236,1.01547418897606,5341,29356,299624,70574,270,1224,562,185,4822470,66794,4932,26076,96650,243764,,195847
2021-04-05,6.61359265970749,296.857654537559,1.07413997627521,0.992546713843907,5433,29907,300064,70771,284,1219,448,197,4833263,10793,8602,26076,96847,199236,,195847
2021-04-06,7.09995510110722,312.188058719218,1.11229735073151,0.973297753931257,5626,30639,301299,71180,632,2459,1273,409,4841308,8045,53843,26093,97273,209525,,195847
2021-04-07,7.3052252181718,311.414759101152,1.13266113088177,0.959022276086118,5729,30904,303639,71601,673,3131,2388,433,4854259,12951,39110,26093,97694,209006,,195847
2021-04-08,7.69302123201887,307.691299090464,1.12791617240016,0.950471584622,5705,30555,305711,71944,498,2156,2116,345,4939258,84999,37007,26093,98037,206507,,203677
2021-04-09,8.10765022305977,306.609573613169,1.13819691577699,0.947657658118235,5757,30326,307674,72243,498,2120,1986,301,4980501,41243,37967,26124,98367,205781,,204048
2021-04-10,8.41041716114353,306.223668794135,1.14056939501779,0.949646069521018,5769,30238,309136,72450,388,1649,1481,210,5023785,43284,24061,26124,98574,205522,,204355
2021-04-11,8.43811998827845,306.336907273851,1.15421115065243,0.954668384372847,5838,30671,309787,72626,286,1305,656,178,5058680,34895,5008,26124,98750,205598,,204355
2021-04-12,8.85595678987629,362.489783393413,1.16963226571767,0.960732452924706,5916,31262,310934,73011,492,2172,1168,385,5067216,8536,46289,26124,99135,243285,,204764
2021-04-13,8.85957230497341,333.435173466079,1.17674970344009,0.965829610838802,5952,31226,313051,73335,555,2501,2153,324,5106329,39113,34343,26145,99480,223785,,204785
2021-04-14,8.91335704088853,322.445081013565,1.16686437327007,0.96814659646215,5902,30868,315152,73632,441,2072,2115,297,5149834,43505,31734,26145,99777,216409,,205038
2021-04-15,8.97531080729011,314.13844253434,1.17121391854488,0.966772816517305,5924,30668,317036,73928,501,2062,1899,300,5187879,38045,31432,26145,100073,210834,,205294
2021-04-16,9.06459027606557,305.663436315536,1.16923685251087,0.961797924242989,5914,30472,318923,74234,463,2044,1900,309,5224321,36442,32279,26170,100404,205146,,205408
2021-04-17,9.06515338571567,300.208619549178,1.16192170818505,0.954013797467783,5877,30329,320275,74423,359,1471,1380,189,5260182,35861,20400,26170,100593,201485,,205408
2021-04-18,9.07350307325127,299.59623777071,1.16508501383946,0.944610166132784,5893,30789,320757,74563,233,1111,488,140,5289526,29344,4597,26170,100733,201074,,205408
2021-04-19,9.16246654303745,292.261066249055,1.1803084223013,0.934522606426475,5970,31214,321889,75010,502,2066,1170,449,5296222,6696,41366,26170,101180,196151,,206004
2021-04-20,9.18859409471007,286.892668322481,1.18307631474891,0.924275983311284,5984,31086,323961,75384,601,2404,2074,375,5339320,43098,30755,26184,101568,192548,,206098
2021-04-21,9.24262979427584,283.112589071935,1.1781336496639,0.914085893009097,5959,30954,325811,75697,476,2095,1886,316,5374288,34968,29202,26184,101881,190011,,206341
2021-04-22,9.24730990952415,278.015367504684,1.18248319493871,0.903914766417405,5981,30634,327668,75980,478,1878,1881,285,5408606,34318,28014,26184,102164,186590,,206618
2021-04-23,9.22217190481023,272.173155939295,1.1787267694741,0.893551232514183,5962,30438,329405,76285,436,1932,1783,309,5440946,32340,28363,26211,102496,182669,,206862
2021-04-24,9.17037517675361,267.85668389009,1.1779359430605,0.882841230096742,5958,30100,330838,76502,348,1368,1449,220,5473579,32633,17505,26211,102713,179772,,206862
2021-04-25,9.13218290414418,266.403953393724,1.18189007512851,0.871746416322539,5978,30287,331362,76647,218,881,527,145,5498044,24465,3624,26211,102858,178797,,206862
2021-04-26,8.87437327762812,255.787845920275,1.18643732700672,0.860300334817475,6001,30596,332563,77045,470,1944,1218,400,5503996,5952,34219,26211,103256,171672,,207425
2021-04-27,8.4837217111591,246.940344702402,1.17497034400949,0.848570800488839,5943,30281,334577,77370,484,2109,2042,338,5534313,30317,24814,26233,103603,165734,,207496
2021-04-28,8.14844262417172,236.380856468811,1.16231712139185,0.836568543631891,5879,29911,336281,77685,349,1708,1726,324,5565852,31539,22117,26233,103918,158647,,207747
2021-04-29,7.56363723255387,226.38160071382,1.14748912613681,0.824262698785883,5804,29487,338000,77991,392,1711,1767,321,5592390,26538,21306,26233,104224,151936,,207986
2021-04-30,6.96947486007961,217.899144595034,1.12198497429814,0.811760133160545,5675,28930,339650,78261,323,1433,1698,271,5616689,24299,22670,26253,104514,146243,,208168
2021-05-01,6.74865466200798,197.768024865382,1.10340055357849,0.799367679485134,5581,28603,340997,78453,310,1246,1356,195,5642359,25670,3995,26253,104706,132732,,208168
2021-05-02,6.72070626328448,197.681606025598,1.10419137999209,0.787621124782022,5585,28818,341458,78566,173,798,467,113,5652247,9888,3563,26253,104819,132674,,208168
2021-05-03,6.30956950714846,189.805571765296,1.11308817714512,0.777281408985112,5630,28950,342451,78877,386,1495,997,311,5656007,3760,28933,26253,105130,127388,,208636
2021-05-04,5.95145311076213,182.951663782438,1.08817714511665,0.769048340398117,5504,28427,344265,79120,355,1591,1822,243,5680378,24371,20212,26267,105387,122788,,208649
2021-05-05,5.61903685324437,176.272083459144,1.06801107156979,0.763468555138234,5402,27686,346184,79364,312,1459,1935,245,5706378,26000,17637,26267,105631,118305,,208786
2021-05-06,5.25575448159132,170.075256654642,1.0342032423883,0.760873882926034,5231,26985,347768,79583,273,1151,1604,222,5728090,21712,17148,26267,105850,114146,,208935
2021-05-07,4.953039235617,163.358426831441,1.00948991696323,0.761141327349696,5106,26331,349293,79809,269,1140,1560,227,5747214,19124,18167,26292,106101,109638,,209096
2021-05-08,4.9174007576267,163.435905791247,0.989521550019771,0.763656164529843,5005,25800,350471,79985,191,844,1184,176,5767959,20745,4036,26292,106277,109690,,209096
2021-05-09,4.88723843904267,162.422719393781,0.982799525504152,0.767583805228176,4971,25797,350873,80100,124,527,409,116,5777087,9128,2883,26292,106392,109010,,209096
2021-05-10,4.59760406859947,154.914710192558,0.962831158560696,0.772052918233661,4870,25666,351795,80392,265,1125,931,293,5780379,3292,23897,26292,106684,103971,,209485
2021-05-11,4.30364173755741,149.58803170588,0.937722419928826,0.776586246399736,4743,25028,353370,80628,285,1239,1588,236,5800170,19791,16633,26307,106935,100396,,209507
2021-05-12,4.07816931402102,147.233863311768,0.906089363384737,0.781204607001751,4583,24254,354860,80812,217,965,1512,185,5821668,21498,16058,26307,107119,98816,,209617
2021-05-13,4.0321962693106,126.232595264292,0.878212732305259,0.786191780092332,4442,23656,355927,80943,139,618,1072,131,5841129,19461,3053,26307,107250,84721,,209617
2021-05-14,4.11124700481677,125.113620287091,0.860419137999209,0.792015251411615,4352,23406,356700,81116,152,733,777,173,5848154,7025,17416,26307,107423,83970,,209617
2021-05-15,4.09637521068996,132.389192608895,0.844404903123764,0.799221121741126,4271,22950,357613,81228,134,580,914,112,5863839,15685,8919,26307,107535,88853,,209617
2021-05-16,4.07751608567324,131.530964131041,0.841241597469355,0.808013394297084,4255,22963,357928,81309,102,416,315,81,5877787,13948,2312,26307,107616,88277,,209617
2021-05-17,3.99172875632556,125.40565636636,0.827599841834717,0.81810067583963,4186,22749,358776,81505,204,871,869,196,5881137,3350,19788,26307,107812,84166,,210001
2021-05-18,4.00347109230936,123.732408830545,0.793792012653223,0.828692441971533,4015,22058,360213,81692,247,996,1460,187,5898347,17210,15503,26348,108040,83043,,210027
2021-05-19,3.97396085062272,120.181786499425,0.763542902332938,0.838581257547133,3862,21347,361460,81833,168,712,1252,141,5917397,19050,13676,26348,108181,80660,,210210
2021-05-20,3.82328107354157,134.327656584047,0.745156188216686,0.846498779923571,3769,20750,362593,81966,202,709,1146,137,5568551,15415,12550,26348,108314,90154,,210285
2021-05-21,3.60556060275391,127.017814722328,0.71787267694741,0.851330350236685,3631,20209,363600,82075,139,625,1009,111,5581351,12800,12507,26362,108437,85248,,210375
2021-05-22,3.53794980344723,125.341587226521,0.700672202451562,0.852466661130239,3544,19765,364391,82164,115,468,797,89,5593962,12611,7792,26362,108526,84123,,210375
2021-05-23,3.51859249565059,124.544447928514,0.694938710952946,0.849911611659164,3515,19720,364695,82234,73,324,296,70,5603666,9704,1777,26362,108596,83588,,210375
2021-05-24,3.32333743012291,100.280123689199,0.691182285488335,0.844263970063637,3496,19701,364902,82296,66,260,212,62,5605895,2229,3500,26362,108658,67303,,210375
2021-05-25,3.33404566327676,101.817783045354,0.681494661921708,0.836653773874886,3447,19430,365739,82494,205,796,842,199,5609050,3155,16536,26385,108879,68335,,210541
2021-05-26,3.29102226303047,99.1194292721023,0.658362989323843,0.828576771144427,3330,18593,367046,82638,181,671,1304,144,5621696,12646,11863,26385,109023,66524,,210486
2021-05-27,3.23900316014869,97.0051476573901,0.633847370502175,0.821324755047865,3206,17941,368023,82780,127,499,988,146,5635629,13933,11135,26385,109165,65105,,210573
2021-05-28,3.14148955206076,94.1712057044778,0.613681296955318,0.815724253009991,3104,17272,369109,82878,155,539,1092,105,5646897,11268,10609,26412,109290,63203,,210702
2021-05-29,3.09398897029354,92.0181846098625,0.598655595096876,0.811752852698227,3028,16847,369789,82946,93,334,675,71,5657572,10675,6346,26412,109358,61758,,210702
2021-05-30,3.08411060237954,91.6024801909022,0.591735863977857,0.808530666618302,2993,16775,370014,82990,43,199,224,44,5666113,8541,1493,26412,109402,61479,,210702
2021-05-31,3.08395793614018,103.926104740081,0.58224594701463,0.804806862688179,2945,16596,370577,83116,140,529,570,126,5667324,1211,11771,26412,109528,69750,,210868
2021-06-01,2.86472943545555,91.1450563320462,0.558521154606564,0.799113996238588,2825,16088,371500,83243,145,596,926,137,5677172,9848,7957,26419,109662,61172,,210896
2021-06-02,2.71301105848194,84.7873116879469,0.544483985765125,0.789935691753334,2754,15638,372310,83339,106,491,824,96,5685915,8743,7596,26419,109758,56905,,210962
2021-06-03,2.55523487622536,78.6351842833334,0.529260577303282,0.776385579072117,2677,15283,373033,83409,94,458,742,71,5694076,8161,7009,26419,109828,52776,,211017
2021-06-04,2.38857986111621,72.6886741182056,0.508303677342823,0.758407757201658,2571,14801,373818,83490,91,408,770,81,5701029,6953,6620,26426,109916,48785,,211048
2021-06-05,2.28752819527552,69.1157020871416,0.499209173586398,0.736713208358001,2525,14532,374281,83547,62,267,474,58,5707683,6654,3947,26426,109973,46387,,211048
2021-06-06,2.26462399675599,68.2336339293477,0.499604586793199,0.712626283256722,2527,14525,374416,83572,52,154,137,25,5712753,5070,899,26426,109998,45795,,211048
2021-06-07,2.07395334521319,61.5436237460794,0.488730723606168,0.687495125523177,2472,14323,374909,83636,97,383,501,66,5713917,1164,7281,26426,110062,41305,,211113
2021-06-08,1.94375236205833,57.1675524970239,0.473309608540925,0.662504925516331,2394,13984,375569,83708,106,405,668,72,5719935,6018,5022,26429,110137,38368,,211113
2021-06-09,1.79789085276032,52.1552597895597,0.459865559509688,0.638586289717257,2326,13526,376342,83773,94,391,775,65,5725492,5557,4229,26429,110202,35004,,211146
2021-06-10,1.64916165671934,47.4037135814433,0.443851324634243,0.616405288752351,2245,13090,376974,83841,74,297,649,68,5729967,4475,3821,26429,110270,31815,,211195
2021-06-11,1.54035026737827,43.4463267113407,0.427639383155397,0.596398113008164,2163,12712,377596,83910,66,313,621,69,5733838,3871,3964,26434,110344,29159,,211306
2021-06-12,1.45807592722072,40.8284318578881,0.417160933175168,0.578879111957874,2110,12496,377961,83944,48,198,374,34,5737810,3972,2189,26434,110378,27402,,211306
2021-06-13,1.43828113475525,40.2413797393563,0.416370106761566,0.564055257194985,2106,12480,378063,83957,26,111,100,13,5740665,2855,505,26434,110391,27008,,211306
2021-06-14,1.28630216369667,35.288686231743,0.408857255832345,0.551995423432375,2068,12374,378429,84020,71,325,373,63,5741354,689,3963,26434,110454,23684,,211418
2021-06-15,1.19428794183989,32.0449997798555,0.385923289837881,0.542621371521905,1952,11895,379108,84096,69,300,670,76,5744589,3235,2849,26438,110534,21507,,211418
2021-06-16,1.11530403045937,29.504583886209,0.370304468169237,0.535834265475339,1873,11519,379635,84140,39,198,531,45,5747647,3058,2520,26438,110578,19802,,211452
2021-06-17,1.05269994718554,27.5303603911466,0.355674179517596,0.531557427516691,1799,11114,380195,84196,46,225,559,56,5750433,2786,2496,26438,110634,18477,,211607
2021-06-18,0.971693359593576,25.4861078362592,0.344009489916963,0.529781146424939,1740,10738,380667,84246,53,171,484,50,5752872,2439,2596,26456,110702,17105,,211632
2021-06-19,0.926940478874867,24.3775627190317,0.336694345591143,0.530584844245142,1703,10531,380930,84268,24,102,273,22,5755496,2624,1442,26456,110724,16361,,211632
2021-06-20,0.91969901994644,24.2032350594677,0.336694345591143,0.534163816385663,1703,10518,380979,84282,15,51,53,14,5757311,1815,384,26456,110738,16244,,211632
2021-06-21,0.86247715220872,22.3362901241369,0.327204428627916,0.540857908065317,1655,10386,381278,84322,48,216,301,40,5757798,487,2713,26456,110778,14991,,212273
2021-06-22,0.829424447550947,21.1904955070026,0.308422301304864,0.551204774061659,1560,10046,381726,84373,47,181,450,52,5760002,2204,2079,26456,110829,14222,,212095
2021-06-23,0.804384107961363,20.3873962890111,0.298339264531435,0.565980690983245,1509,9771,382124,84406,42,167,402,33,5762322,2320,1986,26456,110862,13683,,211970
2021-06-24,0.784178071711421,19.6245265309191,0.284499802293397,0.586207875095251,1439,9392,382593,84450,27,140,459,45,5764329,2007,1983,26456,110906,13171,,211780
2021-06-25,0.77068662825661,18.9421156926258,0.274614472123369,0.613066092432508,1389,9190,382897,84483,39,148,322,33,5766315,1986,2139,26456,110939,12713,,211796
2021-06-26,0.76063226499587,18.7558681930916,0.266706207987347,0.647758988299793,1349,9024,383122,84495,14,81,227,12,5768443,2128,1311,26456,110951,12588,,211796
2021-06-27,0.762583134904344,18.8199373329313,0.265915381573745,0.69115607372029,1345,8986,383185,84512,13,42,61,17,5770021,1578,428,26456,110968,12631,,211796
2021-06-28,0.770512073124194,19.0434343323724,0.257809410834322,0.743499742178412,1304,8846,383447,84556,41,176,259,44,5770530,509,2861,26456,111012,12781,,211859
2021-06-29,0.784994543557793,19.4636086913215,0.247133254250692,0.804126169141116,1250,8627,383768,84584,29,134,316,28,5772844,2314,2362,26473,111057,13063,,211841
2021-06-30,0.81516194154615,20.6541027083441,0.238038750494267,0.871357827382857,1204,8451,384051,84609,31,158,301,25,5775301,2457,2791,26473,111082,13862,,211761
2021-07-01,0.840896287151407,21.7283782856573,0.229735073151443,0.942812320163073,1162,8232,384338,84638,30,109,298,29,5777965,2664,2707,26473,111111,14583,,211795
2021-07-02,0.87743639303792,23.2272981619085,0.222024515618822,1.01567191337607,1123,8044,384616,84662,17,118,287,24,5780648,2683,3148,26473,111135,15589,,211802
2021-07-03,0.897779581665374,24.520600798674,0.21787267694741,1.08705322685586,1102,7912,384781,84679,17,79,181,17,5783654,3006,2182,26473,111152,16457,,211802
2021-07-04,0.910440300942968,25.0227240574182,0.218268090154211,1.1546376694892,1104,7913,384812,84688,12,41,30,9,5786203,2549,755,26473,111161,16794,,211802
2021-07-05,0.979902475364871,27.5944295309863,0.212930011862396,1.21709175701016,1077,7806,385013,84724,30,137,201,36,5786999,796,4599,26473,111197,18520,,212134
2021-07-06,1.04466800552998,29.847279285352,0.204033214709371,1.27450106735213,1032,7637,385289,84758,30,149,283,35,5790584,3585,3872,26473,111231,20032,,212034
2021-07-07,1.11191587257482,32.4353745388791,0.197113483590352,1.32815048522754,997,7539,385490,84786,30,140,204,28,5794665,4081,4528,26473,111259,21769,,212051
2021-07-08,1.18476440274258,35.1590579720672,0.191973111901938,1.37978715560158,971,7384,385720,84811,26,100,232,25,5799107,4442,4543,26473,111284,23597,,212077
2021-07-09,1.2407202619028,37.9974698649683,0.188414393040728,1.43141878454452,953,7275,385950,84829,30,147,230,18,5803687,4580,5055,26473,111302,25502,,212085
2021-07-10,1.26181467146973,39.983613200001,0.187228153420324,1.48596133022577,947,7183,386122,84848,9,101,172,19,5808383,4696,3514,26473,111321,26835,,212085
2021-07-11,1.2742164289214,40.7256232381452,0.187228153420324,1.54681581669431,947,7183,386141,84852,4,23,19,4,5812639,4256,1244,26473,111325,27333,,212085
2021-07-12,1.45072141600806,46.5767746835115,0.18920521945433,1.61698318659349,957,7137,386424,84880,55,267,272,28,5813899,1260,8534,26473,111353,31260,,212076
2021-07-13,1.60705309599608,53.8761866852557,0.184460260972716,1.69755597704351,933,7076,386704,84902,37,246,278,22,5820849,6950,8777,26505,111407,36159,,212040
2021-07-14,1.65683223048885,50.9990353124514,0.184064847765915,1.78557619050739,931,7047,386839,84908,19,115,137,6,5829724,8875,2592,26505,111413,34228,,212040
2021-07-15,2.00942690646018,64.1302290196103,0.180703835508106,1.87476483747334,914,7054,387017,84924,36,213,176,16,5833341,3617,13398,26505,111429,43041,,212069
2021-07-16,2.33788938848132,75.4347072513378,0.177738236457098,1.95727310743513,899,6971,387297,84946,33,220,282,22,5844249,10908,12674,26505,111451,50628,,212069
2021-07-17,2.5992066209264,84.8379710078202,0.175958877026493,2.02514315757226,890,6922,387439,84962,21,114,147,16,5855198,10949,9824,26505,111467,56939,,212069
2021-07-18,2.68104651960577,87.9177596601177,0.176156583629893,2.07179998484449,891,6936,387469,84967,9,54,30,5,5867730,12532,3278,26505,111472,59006,,212069
2021-07-19,3.26816098381974,109.191694046912,0.178331356267299,2.09233073673847,902,7041,387703,84987,76,360,235,20,5871881,4151,22822,26505,111492,73284,,212140
2021-07-20,3.76515592677261,126.971625342444,0.173190984578885,2.08450317617695,876,6912,388118,85020,61,327,413,33,5890062,18181,20724,26505,111525,85217,,212140
2021-07-21,3.98787613409864,156.595407628355,0.169829972321076,2.04959235649352,859,6869,388402,85042,64,281,285,22,5911601,21539,22455,26505,111547,105099,,212174
2021-07-22,4.17838550627061,167.367963001413,0.17160933175168,1.99151222138129,868,6832,388707,85053,59,292,307,11,5933510,21909,20670,26505,111558,112329,,212197
2021-07-23,4.20761595643497,181.989136704845,0.172400158165283,1.91620111882885,872,6802,389021,85082,69,330,310,26,5953071,19561,22518,26513,111595,122142,,212271
2021-07-24,4.15778241230483,191.089934522084,0.173586397785686,1.82987507901503,878,6787,389197,85104,35,182,174,22,5978695,25624,15922,26513,111617,128250,,212271
2021-07-25,4.1535157194728,193.195276256819,0.17516805061289,1.73790478881781,886,6843,389226,85110,16,92,32,6,5993937,15242,4659,26513,111623,129663,,212271
2021-07-26,4.29375083371793,208.625509098228,0.188216686437327,1.64481158133699,952,7079,389531,85154,135,607,312,45,5999244,5307,33172,26514,111668,140019,,212395
2021-07-27,4.3196043398142,215.918961179987,0.193357058125741,1.55423468207617,978,7137,389996,85182,121,557,458,28,6026115,26871,25629,26514,111696,144914,,212395
2021-07-28,4.36478488218065,219.703510370522,0.196124950573349,1.46915524908194,992,7208,390367,85225,91,490,375,40,6054049,27934,24980,26515,111740,147454,,212445
2021-07-29,4.34687519450073,224.770932337848,0.200672202451562,1.39192527297399,1015,7236,390784,85252,91,501,416,29,6079239,25190,24092,26516,111768,150855,,212497
2021-07-30,4.26182637324554,227.205559651759,0.211941478845393,1.32390467723399,1072,7363,391216,85312,165,640,445,60,6103548,24309,24174,26519,111831,152489,,212579
2021-07-31,4.18684507646801,227.308368271502,0.217279557137208,1.26568018102084,1099,7409,391581,85355,91,467,365,43,6127019,23471,15973,26519,111874,152558,,212579
2021-08-01,4.17094845888277,227.387337211304,0.224792408066429,1.21711999986586,1137,7581,391689,85373,69,312,109,18,6146619,19600,4678,26519,111892,152611,,212579
2021-08-02,4.1723576149843,228.992045667291,0.243574535389482,1.17762889433725,1232,7840,392055,85424,170,688,376,51,6151803,5184,34228,26521,111945,153688,,212724
2021-08-03,4.18442087857445,230.453716043635,0.263147489126137,1.14633710720442,1331,7974,392634,85480,218,818,608,57,6178632,26829,26621,26524,112004,154669,,212772
2021-08-04,4.2050532601303,231.595040720781,0.271055753262159,1.12209564626927,1371,8134,393129,85528,157,772,533,53,6207416,28784,25740,26525,112053,155435,,212844
2021-08-05,4.25109191191657,233.079060797069,0.280743376828786,1.1035470690499,1420,8210,393723,85577,150,712,598,52,6233876,26460,25111,26528,112105,156431,,212943
2021-08-06,4.33057431733334,235.419819371215,0.288256227758007,1.08928302262306,1458,8368,394324,85637,165,862,615,60,6258953,25077,25778,26532,112169,158002,,213112
2021-08-07,4.35207119752597,237.29719416652,0.298536971134836,1.077957604059,1510,8425,394709,85669,136,482,389,32,6284708,25755,17218,26532,112201,159262,,213112
2021-08-08,4.34694361088982,238.371469743833,0.307631474891261,1.06858106083278,1556,8685,394910,85697,117,498,204,30,6305158,20450,5368,26532,112229,159983,,213112
2021-08-09,4.14963368239893,241.133892656924,0.329576907868723,1.06051737436595,1667,9022,395310,85765,230,833,407,68,6310933,5775,36086,26539,112304,161837,,213508
2021-08-10,3.96634763793568,244.09448290952,0.338473705021748,1.05330385159673,1712,9153,396002,85833,211,944,717,68,6339509,28576,28609,26541,112374,163824,,213516
2021-08-11,3.82243557679838,245.943548084895,0.344998022933966,1.0465762931606,1745,9233,396616,85886,158,773,616,54,6370429,30920,26981,26546,112432,165065,,213671
2021-08-12,3.69430998836399,247.974390819816,0.3572558323448,1.04001439287475,1807,9465,397162,85963,191,894,566,77,6398983,28554,26478,26546,112509,166428,,213840
2021-08-13,3.5691828298066,247.122122261948,0.362000790826414,1.03321493762692,1831,9546,397828,86037,188,836,681,74,6425436,26453,25229,26562,112599,165856,,214027
2021-08-14,3.44775821382815,247.755363760364,0.363187030446817,1.02569062458596,1837,9648,398257,86088,118,606,449,51,6449863,24427,17614,26564,112652,166281,,214027
2021-08-15,3.43601155569566,247.497597221009,0.366152629497825,1.01698685437108,1852,9798,398445,86132,73,399,193,44,6471035,21172,5169,26564,112696,166108,,214027
2021-08-16,3.39226055548739,244.694944848018,0.377224199288256,1.00673608145704,1908,10151,398924,86228,178,950,498,97,6476864,5829,34204,26575,112803,164227,,214415
2021-08-17,3.33247299996313,239.705001840498,0.386120996441281,0.994755852602511,1953,10219,399763,86339,245,1075,853,111,6504978,28114,25271,26575,112914,160878,,214417
2021-08-18,3.26298148256761,233.759981655366,0.406089363384737,0.981072728079895,2054,10336,400539,86451,299,1036,809,112,6533383,28405,22985,26585,113036,156888,,214561
2021-08-19,3.19083151428081,226.882233992568,0.405100830367734,0.965975568553179,2049,10392,401284,86578,186,976,778,127,6557356,23973,21857,26587,113165,152272,,214669
2021-08-20,3.10551363615484,222.622381183221,0.413404507710558,0.950004813620616,2091,10515,401946,86660,214,887,682,83,6579675,22319,22396,26590,113250,149413,,214818
2021-08-21,3.06546311333864,218.606885093264,0.416370106761566,0.933899125131863,2106,10463,402615,86789,165,805,674,146,6602311,22636,14900,26590,113379,146718,,214818
2021-08-22,3.05968064850188,217.733756815448,0.420719652036378,0.918422611584894,2128,10651,402848,86883,103,542,228,96,6619611,17300,4562,26611,113494,146132,,215191
2021-08-23,3.014739473766,211.005007152276,0.437920126532226,0.904136455723699,2215,11007,403285,86991,235,943,447,108,6624777,5166,29681,26612,113603,141616,,215242
2021-08-24,2.97677776961092,205.167265526877,0.439106366152629,0.891364035811093,2221,11066,404141,87143,214,1145,871,153,6649630,24853,21356,26616,113759,137698,,215254
2021-08-25,2.93399686860636,199.161156161898,0.442665085013839,0.88019463395749,2239,11171,404823,87236,182,883,701,93,6673336,23706,18948,26626,113862,133667,,215463
2021-08-26,2.91161807041685,193.070117937132,0.447014630288652,0.870412925090226,2261,11104,405490,87343,191,741,692,110,6693019,19683,17762,26641,113984,129579,,215565
2021-08-27,2.84905852705109,186.15363079443,0.448793989719257,0.861526849058485,2270,11162,406229,87438,194,908,750,95,6711268,18249,17766,26652,114090,124937,,215724
2021-08-28,2.77689388548822,181.129418246995,0.446619217081851,0.852944600108925,2259,11052,406709,87512,119,465,493,75,6728858,17590,11529,26652,114164,121565,,215724
2021-08-29,2.75865809087689,179.627518410752,0.44998022933966,0.844082245520614,2276,11092,406911,87565,71,311,206,53,6742488,13630,3546,26652,114217,120557,,215724
2021-08-30,2.63072044528994,168.813243597798,0.452748121787268,0.834593438348362,2290,11245,407355,87663,159,725,446,98,6746283,3795,22431,26667,114330,113299,,216058
2021-08-31,2.56193240847099,161.373773476404,0.453143534994069,0.824418339586525,2292,11120,408275,87797,218,941,931,136,6765708,19425,16345,26668,114465,108306,,216074
2021-09-01,2.52793757756411,155.880217230144,0.45353894820087,0.813711638371612,2294,11119,408908,87880,187,742,641,85,6783329,17621,15258,26680,114560,104619,,216197
2021-09-02,2.50184905135409,148.983099827393,0.449782522736259,0.80281863175277,2275,10934,409615,87983,143,648,719,104,6799240,15911,13142,26686,114669,99990,,216302
2021-09-03,2.46162851280668,141.990623704881,0.446619217081851,0.792229114127206,2259,10816,410229,88076,159,624,631,95,6812706,13466,13079,26688,114764,95297,,216402
2021-09-04,2.42864516742169,138.597939253367,0.439501779359431,0.782381726720678,2223,10654,410710,88159,124,424,487,85,6826042,13336,9253,26688,114847,93020,,216402
2021-09-05,2.42401328805195,137.467044436195,0.438315539739027,0.773586077431936,2217,10644,410888,88208,60,227,177,49,6836452,10410,2774,26688,114896,92261,,216402
2021-09-06,2.34791581727652,128.793870877887,0.444642151047845,0.765940741801697,2249,10757,411314,88310,187,661,444,103,6839494,3042,16611,26712,115022,86440,,216653
2021-09-07,2.27086877675524,121.855034035241,0.446619217081851,0.759321632672555,2259,10646,412039,88418,200,761,736,120,6854028,14534,11686,26712,115130,81783,,216659
2021-09-08,2.16588564940164,114.792528852904,0.439699485962831,0.753456038302983,2224,10438,412721,88518,174,595,695,100,6866856,12828,10509,26731,115249,77043,,216737
2021-09-09,2.08364849456417,110.000753184888,0.433965994464215,0.747974026516826,2195,10323,413273,88621,139,554,554,104,6877825,10969,9927,26742,115363,73827,,216836
2021-09-10,1.99335754748737,105.085309177182,0.425266903914591,0.742549008240839,2151,10115,413880,88701,135,505,612,81,6887791,9966,9785,26756,115457,70528,,216993
2021-09-11,1.91126662743055,101.031073607321,0.42131277184658,0.736945956133968,2131,10018,414243,88747,91,322,367,47,6897392,9601,6531,26756,115503,67807,,216993
2021-09-12,1.88632338035283,99.7124413106192,0.420917358639779,0.731053811357595,2129,10012,414405,88776,34,187,159,29,6905071,7679,1880,26756,115532,66922,,216993
2021-09-13,1.75940104917293,92.4934882286738,0.415776986951364,0.724996379906646,2103,9986,414778,88862,116,446,381,86,6907133,2062,11771,26767,115629,62077,,217244
2021-09-14,1.66358385920321,87.5735742809785,0.395413206801107,0.719153112981125,2000,9739,415490,88956,137,577,708,94,6917460,10327,8387,26767,115723,58775,,217243
2021-09-15,1.5961604126857,83.6489669707939,0.387307236061684,0.714046058553456,1959,9555,416030,89033,119,452,540,79,6926604,9144,7873,26770,115803,56141,,217297
2021-09-16,1.53918576940274,79.6036712809112,0.385923289837881,0.71026527628755,1952,9297,416554,89098,103,382,570,65,6934732,8128,7211,26779,115877,53426,,217367
2021-09-17,1.48647165206838,76.0634788097652,0.373863187030447,0.708276881654973,1891,9070,417059,89164,81,371,520,66,6942105,7373,7414,26805,115969,51050,,217465
2021-09-18,1.45395979867933,73.8061591154108,0.363187030446817,0.708348316808453,1837,8912,417399,89206,68,243,350,42,6949519,7414,5016,26805,116011,49535,,217465
2021-09-19,1.44566766795027,73.0924586971958,0.362198497429814,0.7105353077966,1832,8887,417505,89234,33,113,108,28,6955333,5814,1400,26805,116039,49056,,217465
2021-09-20,1.38045747489303,68.8281359478608,0.356860419137999,0.714655710135283,1805,8845,417826,89255,114,373,336,91,6956848,1515,8904,26814,116069,46194,,217580
2021-09-21,1.334552245928,65.8407260553323,0.344800316330565,0.720300812534871,1744,8594,418397,89407,136,503,577,152,6964699,7851,6376,26815,116222,44189,,217581
2021-09-22,1.29305308925241,62.9933742824536,0.327402135231317,0.727010177606137,1656,8414,418859,89465,68,361,463,59,6971493,6794,5963,26817,116282,42278,,217611
2021-09-23,1.26702687190449,61.0474604073203,0.318109924871491,0.734373903575079,1609,8237,419256,89527,71,301,412,63,6977722,6229,5906,26821,116348,40972,,217666
2021-09-24,1.24475113454615,59.0702569522653,0.313562672993278,0.742062957311248,1586,8107,419628,89576,72,296,371,49,6983601,5879,6091,26825,116401,39645,,217761
2021-09-25,1.22520372177021,57.8201637353918,0.31059707394227,0.749838461856765,1571,7980,419912,89605,54,196,287,29,6989613,6012,4177,26825,116430,38806,,217761
2021-09-26,1.22107553960024,57.4506486963159,0.311783313562673,0.757537152385667,1577,7994,419971,89619,35,89,60,14,6994319,4706,1150,26825,116444,38558,,217761
2021-09-27,1.19527071817537,55.5583741010485,0.31059707394227,0.765069244640397,1571,7980,420247,89693,94,343,279,74,6995628,1309,7633,26835,116528,37288,,217898
2021-09-28,1.1757637288,54.3202007241452,0.301304863582444,0.772417108800317,1524,7801,420645,89751,79,304,398,60,7002393,6765,5546,26835,116586,36457,,217897
2021-09-29,1.15337022250239,52.995608507458,0.289837880585212,0.779624117387889,1466,7726,420934,89793,52,254,291,42,7008228,5835,5072,26836,116629,35568,,217933
2021-09-30,1.12586897045801,51.5845974509869,0.279557137208383,0.786741052206368,1414,7565,421264,89849,58,238,340,56,7013432,5204,4956,26841,116690,34621,,217979
2021-10-01,1.09278227922041,49.8398308753506,0.26789244760775,0.793825143354334,1355,7410,421579,89895,48,214,312,47,7018367,4935,4919,26844,116739,33450,,218047
2021-10-02,1.05728467975868,48.5346083986149,0.261961249505734,0.801016970940025,1325,7294,421787,89925,33,141,212,31,7023315,4948,3300,26844,116769,32574,,218047
2021-10-03,1.05559504061832,48.3751805390137,0.262158956109134,0.808569361556122,1326,7308,421839,89934,19,76,54,9,7027059,3744,1041,26844,116778,32467,,218047
2021-10-04,1.03240687807279,46.4158568439139,0.262554369315935,0.816854798410857,1328,7299,422072,89984,71,283,246,50,7028197,1138,6318,26849,116833,31152,,218130
2021-10-05,1.0179016411457,45.2700622267796,0.252866745749308,0.826374903866592,1279,7096,422510,90045,75,290,436,62,7033755,5558,4777,26849,116894,30383,,218129
2021-10-06,1.00904227876286,44.2941253292204,0.245551601423488,0.837728242016103,1242,7038,422728,90079,40,202,225,34,7038701,4946,4417,26854,116933,29728,,218189
2021-10-07,1.01728723634429,43.7845521704948,0.237247924080664,0.85146579627737,1200,6903,423001,90113,47,194,272,35,7043316,4615,4614,26856,116969,29386,,218242
2021-10-08,1.01992930746776,43.4582465513109,0.230130486358244,0.86800777130129,1164,6805,423274,90151,52,218,274,38,7047786,4470,4700,26859,117010,29167,,218270
2021-10-09,1.02449231953147,43.7979619904613,0.222815342032424,0.887524206426632,1127,6706,423485,90166,26,128,211,17,7052520,4734,3528,26859,117025,29395,,218270
2021-10-10,1.02501610535082,43.7398527706066,0.223803875049427,0.909871433873996,1132,6737,423537,90174,17,91,54,8,7056511,3991,1002,26859,117033,29356,,218270
2021-10-11,1.04567775995395,44.3865040889894,0.226374060893634,0.934521375559574,1145,6729,423734,90204,58,226,193,30,7057631,1120,6752,26864,117068,29790,,218350
2021-10-12,1.06752590084497,45.1538437870702,0.219652036378015,0.960554848481523,1111,6629,424018,90257,68,254,285,53,7063511,5880,5292,26864,117121,30305,,218349
2021-10-13,1.09059325952533,46.2117295844245,0.215697904310004,0.986738425675645,1091,6601,424238,90280,58,219,225,27,7069089,5578,5127,26865,117145,31015,,218378
2021-10-14,1.07888083021896,48.725325838138,0.212534598655595,1.01174503174185,1075,6523,424464,90318,44,206,232,38,7074276,5187,6301,26867,117185,32702,,218402
2021-10-15,1.15002225588461,48.6970162182088,0.207789640173982,1.03436998718624,1051,6470,424693,90352,43,215,229,34,7080375,6099,4681,26869,117221,32683,,218411
2021-10-16,1.20708458510067,48.4020001789466,0.207394226967181,1.05397397017193,1049,6437,424817,90367,25,109,125,15,7085274,4899,3330,26869,117236,32485,,218411
2021-10-17,1.2167042424038,48.366240659036,0.207987346777382,1.07059875692495,1052,6448,424868,90372,18,71,50,5,7089052,3778,978,26869,117241,32461,,218411
2021-10-18,1.26450849482886,48.7223458781454,0.207394226967181,1.08495402696584,1049,6468,425074,90413,67,277,210,41,7090109,1057,6991,26874,117287,32700,,218529
2021-10-19,1.32387452750757,49.5492847760772,0.206801107156979,1.09813447986732,1046,6483,425292,90452,63,286,221,39,7096043,5934,5847,26874,117326,33255,,218529
2021-10-20,1.41505888610727,51.0541645723135,0.202846975088968,1.11080443763861,1026,6465,425537,90473,44,263,249,21,7102079,6036,6137,26879,117352,34265,,218572
2021-10-21,1.71566562772021,50.9811555524961,0.199485962831159,1.12300326660271,1009,6453,425777,90508,59,273,245,35,7108206,6127,6252,26881,117389,34216,,218586
2021-10-22,1.7441169421544,53.3472437865785,0.199683669434559,1.13413641898767,1010,6400,426012,90537,58,203,237,30,7114572,6366,6269,26881,117418,35804,,218593
2021-10-23,1.7483013296746,54.9266225826285,0.199090549624357,1.14275611084408,1007,6348,426213,90560,42,184,203,23,7120863,6291,4390,26881,117441,36864,,218593
2021-10-24,1.7483204430404,55.0249612623826,0.201265322261764,,1018,6377,426243,90564,21,63,34,4,7125868,5005,1044,26881,117445,36930,,218593
2021-10-25,,,0.202253855278766,,1023,6405,426431,90605,74,269,197,42,7127163,1295,,26883,117488,,,218633
2021-10-26,,,0.207394226967181,,1049,6445,426654,90643,112,316,236,38,7133766,6603,,26883,117526,,76.2,218650
2021-10-27,,,0.205219454329775,,1038,6489,426836,90677,61,283,193,34,7140294,6528,,26882,117559,,,218663
