dep;clage_vacsi;jour;n_tot_dose1;n_tot_complet;n_tot_rappel;pop;couv_tot_dose1;couv_tot_complet;couv_tot_rappel
01;04;2021-10-26;43;26;0;38356.0;0.1;0.1;0.0
01;11;2021-10-26;153;137;0;18151.0;0.8;0.8;0.0
01;17;2021-10-26;33738;31748;14;52102.0;64.8;60.9;0.0
01;24;2021-10-26;35756;33532;33;45088.0;79.3;74.4;0.1
01;29;2021-10-26;22185;20712;34;34820.0;63.7;59.5;0.1
01;39;2021-10-26;55682;52868;142;85588.0;65.1;61.8;0.2
01;49;2021-10-26;64701;61784;285;89678.0;72.1;68.9;0.3
01;59;2021-10-26;68302;66961;973;89791.0;76.1;74.6;1.1
01;09;2021-10-26;17;4;0;44645.0;0.0;0.0;0.0
01;64;2021-10-26;31853;31297;758;38384.0;83.0;81.5;2.0
01;69;2021-10-26;29383;28948;1407;35116.0;83.7;82.4;4.0
01;74;2021-10-26;28116;27646;2279;30953.0;90.8;89.3;7.4
01;79;2021-10-26;18333;17940;5156;20058.0;91.4;89.4;25.7
01;80;2021-10-26;28707;27850;9239;34225.0;83.9;81.4;27.0
02;04;2021-10-26;14;5;0;28189.0;0.0;0.0;0.0
02;11;2021-10-26;107;92;0;14179.0;0.8;0.6;0.0
02;17;2021-10-26;33202;31681;14;41103.0;80.8;77.1;0.0
02;24;2021-10-26;36533;35158;42;37469.0;97.5;93.8;0.1
02;29;2021-10-26;21146;20363;37;26232.0;80.6;77.6;0.1
02;39;2021-10-26;50069;48724;150;62599.0;80.0;77.8;0.2
02;49;2021-10-26;54922;53879;336;64812.0;84.7;83.1;0.5
02;59;2021-10-26;60680;59802;1355;70352.0;86.3;85.0;1.9
02;09;2021-10-26;7;0;0;34123.0;0.0;0.0;0.0
02;64;2021-10-26;30139;29731;1218;34901.0;86.4;85.2;3.5
02;69;2021-10-26;29386;29036;2176;34176.0;86.0;85.0;6.4
02;74;2021-10-26;27928;27579;3174;28969.0;96.4;95.2;11.0
02;79;2021-10-26;15688;15462;4404;16402.0;95.6;94.3;26.9
02;80;2021-10-26;26934;26198;8542;32544.0;82.8;80.5;26.2
03;04;2021-10-26;15;7;0;14190.0;0.1;0.0;0.0
03;11;2021-10-26;128;108;3;7080.0;1.8;1.5;0.0
03;17;2021-10-26;19990;18671;5;22000.0;90.9;84.9;0.0
03;24;2021-10-26;23373;22083;15;20427.0;99.0;99.0;0.1
03;29;2021-10-26;13910;13201;16;14422.0;96.4;91.5;0.1
03;39;2021-10-26;30977;29789;125;33349.0;92.9;89.3;0.4
03;49;2021-10-26;38225;37168;216;39464.0;96.9;94.2;0.5
03;59;2021-10-26;44444;43791;719;45840.0;97.0;95.5;1.6
03;09;2021-10-26;8;1;0;16681.0;0.0;0.0;0.0
03;64;2021-10-26;22857;22656;684;23776.0;96.1;95.3;2.9
03;69;2021-10-26;23311;23096;1345;25182.0;92.6;91.7;5.3
03;74;2021-10-26;23132;22978;2311;23121.0;99.0;99.0;10.0
03;79;2021-10-26;15222;15101;5002;15099.0;99.0;99.0;33.1
03;80;2021-10-26;27013;26537;9592;30684.0;88.0;86.5;31.3
04;04;2021-10-26;9;4;1;7352.0;0.1;0.1;0.0
04;11;2021-10-26;34;26;0;3721.0;0.9;0.7;0.0
04;17;2021-10-26;6864;6267;3;11153.0;61.5;56.2;0.0
04;24;2021-10-26;7627;7129;19;9366.0;81.4;76.1;0.2
04;29;2021-10-26;4767;4534;18;7090.0;67.2;63.9;0.3
04;39;2021-10-26;11725;11249;50;17545.0;66.8;64.1;0.3
04;49;2021-10-26;14624;14166;77;19525.0;74.9;72.6;0.4
04;59;2021-10-26;19421;18880;328;23898.0;81.3;79.0;1.4
04;09;2021-10-26;4;1;0;8868.0;0.0;0.0;0.0
04;64;2021-10-26;10569;10371;333;12510.0;84.5;82.9;2.7
04;69;2021-10-26;10602;10424;620;11975.0;88.5;87.0;5.2
04;74;2021-10-26;10742;10633;1090;11196.0;95.9;95.0;9.7
04;79;2021-10-26;7755;7647;2253;7612.0;99.0;99.0;29.6
04;80;2021-10-26;11479;11174;3645;13386.0;85.8;83.5;27.2
05;04;2021-10-26;5;3;0;6561.0;0.1;0.0;0.0
05;11;2021-10-26;29;25;0;3350.0;0.9;0.7;0.0
05;17;2021-10-26;8154;7573;3;9735.0;83.8;77.8;0.0
05;24;2021-10-26;8567;8548;8;8030.0;99.0;99.0;0.1
05;29;2021-10-26;5319;5171;17;6298.0;84.5;82.1;0.3
05;39;2021-10-26;12853;12591;47;16000.0;80.3;78.7;0.3
05;49;2021-10-26;14994;14894;70;17800.0;84.2;83.7;0.4
05;59;2021-10-26;17736;17648;300;20029.0;88.6;88.1;1.5
05;09;2021-10-26;5;2;0;8021.0;0.1;0.0;0.0
05;64;2021-10-26;9260;9215;227;10157.0;91.2;90.7;2.2
05;69;2021-10-26;9358;9262;429;10059.0;93.0;92.1;4.3
05;74;2021-10-26;9062;8994;771;8831.0;99.0;99.0;8.7
05;79;2021-10-26;6029;5968;1854;5786.0;99.0;99.0;32.0
05;80;2021-10-26;9459;9277;3172;11099.0;85.2;83.6;28.6
06;04;2021-10-26;433;238;4;53718.0;0.8;0.4;0.0
06;11;2021-10-26;266;230;0;23848.0;1.1;1.0;0.0
06;17;2021-10-26;49167;45702;34;69129.0;71.1;66.1;0.0
06;24;2021-10-26;77318;72828;200;75754.0;99.0;96.1;0.3
06;29;2021-10-26;55753;52147;247;53360.0;99.0;97.7;0.5
06;39;2021-10-26;126482;118773;612;126997.0;99.0;93.5;0.5
06;49;2021-10-26;138875;131722;900;136067.0;99.0;96.8;0.7
06;59;2021-10-26;152351;146347;2183;146182.0;99.0;99.0;1.5
06;09;2021-10-26;43;25;0;56870.0;0.1;0.0;0.0
06;64;2021-10-26;67280;65290;1948;67948.0;99.0;96.1;2.9
06;69;2021-10-26;63011;61488;5977;65935.0;95.6;93.3;9.1
06;74;2021-10-26;65021;63549;10612;64545.0;99.0;98.5;16.4
06;79;2021-10-26;49200;48285;17357;49474.0;99.0;97.6;35.1
06;80;2021-10-26;79441;76845;27004;89569.0;88.7;85.8;30.1
07;04;2021-10-26;15;10;1;15100.0;0.1;0.1;0.0
07;11;2021-10-26;102;85;1;7531.0;1.4;1.1;0.0
07;17;2021-10-26;17042;15662;11;23408.0;72.8;66.9;0.0
07;24;2021-10-26;19010;18084;30;18892.0;99.0;95.7;0.2
07;29;2021-10-26;10848;10297;24;13765.0;78.8;74.8;0.2
07;39;2021-10-26;26462;25265;93;34837.0;76.0;72.5;0.3
07;49;2021-10-26;32911;32036;168;41497.0;79.3;77.2;0.4
07;59;2021-10-26;39949;39221;513;46663.0;85.6;84.1;1.1
07;09;2021-10-26;6;2;0;18154.0;0.0;0.0;0.0
07;64;2021-10-26;20563;20328;495;23577.0;87.2;86.2;2.1
07;69;2021-10-26;20833;20727;1043;23453.0;88.8;88.4;4.4
07;74;2021-10-26;20595;20517;1845;21460.0;96.0;95.6;8.6
07;79;2021-10-26;13229;13039;3620;13721.0;96.4;95.0;26.4
07;80;2021-10-26;21365;20852;6608;24817.0;86.1;84.0;26.6
08;04;2021-10-26;10;5;0;13099.0;0.1;0.0;0.0
08;11;2021-10-26;63;54;0;6551.0;1.0;0.8;0.0
08;17;2021-10-26;17170;16374;6;19588.0;87.7;83.6;0.0
08;24;2021-10-26;18114;17497;19;18037.0;99.0;97.0;0.1
08;29;2021-10-26;11026;10666;23;13085.0;84.3;81.5;0.2
08;39;2021-10-26;25874;25214;138;30561.0;84.7;82.5;0.5
08;49;2021-10-26;29109;28575;205;32888.0;88.5;86.9;0.6
08;59;2021-10-26;34489;34027;773;37571.0;91.8;90.6;2.1
08;09;2021-10-26;4;0;0;15286.0;0.0;0.0;0.0
08;64;2021-10-26;17199;16973;602;18636.0;92.3;91.1;3.2
08;69;2021-10-26;16538;16316;1106;17922.0;92.3;91.0;6.2
08;74;2021-10-26;15416;15247;1703;15463.0;99.0;98.6;11.0
08;79;2021-10-26;8506;8394;2792;8669.0;98.1;96.8;32.2
08;80;2021-10-26;15190;14849;5521;18175.0;83.6;81.7;30.4
09;04;2021-10-26;8;4;0;6587.0;0.1;0.1;0.0
09;11;2021-10-26;57;46;0;3388.0;1.7;1.4;0.0
09;17;2021-10-26;8505;7880;3;10191.0;83.5;77.3;0.0
09;24;2021-10-26;10016;9496;4;9110.0;99.0;99.0;0.0
09;29;2021-10-26;6076;5780;16;6679.0;91.0;86.5;0.2
09;39;2021-10-26;14823;14265;60;15798.0;93.8;90.3;0.4
09;49;2021-10-26;18846;18250;126;18797.0;99.0;97.1;0.7
09;59;2021-10-26;20500;20301;379;21635.0;94.8;93.8;1.8
09;09;2021-10-26;4;0;0;7745.0;0.1;0.0;0.0
09;64;2021-10-26;10477;10398;269;11336.0;92.4;91.7;2.4
09;69;2021-10-26;10920;10854;540;11303.0;96.6;96.0;4.8
09;74;2021-10-26;10792;10732;913;10028.0;99.0;99.0;9.1
09;79;2021-10-26;7021;6938;1761;6375.0;99.0;99.0;27.6
09;80;2021-10-26;11693;11448;3331;13426.0;87.1;85.3;24.8
10;04;2021-10-26;8;3;0;16179.0;0.0;0.0;0.0
10;11;2021-10-26;52;43;0;8186.0;0.6;0.5;0.0
10;17;2021-10-26;18060;17258;5;23738.0;76.1;72.7;0.0
10;24;2021-10-26;22362;21468;23;24096.0;92.8;89.1;0.1
10;29;2021-10-26;13402;12968;21;16549.0;81.0;78.4;0.1
10;39;2021-10-26;28976;28251;72;36584.0;79.2;77.2;0.2
10;49;2021-10-26;33033;32413;155;38394.0;86.0;84.4;0.4
10;59;2021-10-26;36618;36255;571;39551.0;92.6;91.7;1.4
10;09;2021-10-26;4;2;0;18930.0;0.0;0.0;0.0
10;64;2021-10-26;18056;17822;526;19401.0;93.1;91.9;2.7
10;69;2021-10-26;17876;17730;1070;19343.0;92.4;91.7;5.5
10;74;2021-10-26;17990;17891;1749;17592.0;99.0;99.0;9.9
10;79;2021-10-26;10811;10674;3351;10554.0;99.0;99.0;31.8
10;80;2021-10-26;18550;18116;6174;20810.0;89.1;87.1;29.7
11;04;2021-10-26;23;16;0;16558.0;0.1;0.1;0.0
11;11;2021-10-26;67;53;0;8794.0;0.8;0.6;0.0
11;17;2021-10-26;19168;18225;7;25657.0;74.7;71.0;0.0
11;24;2021-10-26;20808;20400;28;22902.0;90.9;89.1;0.1
11;29;2021-10-26;12229;11872;28;15409.0;79.4;77.0;0.2
11;39;2021-10-26;28413;27926;101;39384.0;72.1;70.9;0.3
11;49;2021-10-26;36013;35671;178;45681.0;78.8;78.1;0.4
11;59;2021-10-26;43512;43288;731;51248.0;84.9;84.5;1.4
11;09;2021-10-26;10;0;0;20110.0;0.0;0.0;0.0
11;64;2021-10-26;22462;22385;719;26525.0;84.7;84.4;2.7
11;69;2021-10-26;23998;23879;1330;27686.0;86.7;86.2;4.8
11;74;2021-10-26;24367;24338;2270;25828.0;94.3;94.2;8.8
11;79;2021-10-26;15871;16092;4382;16823.0;94.3;95.7;26.0
11;80;2021-10-26;24335;24250;7228;30100.0;80.8;80.6;24.0
12;04;2021-10-26;11;5;0;11791.0;0.1;0.0;0.0
12;11;2021-10-26;68;66;0;6137.0;1.1;1.1;0.0
12;17;2021-10-26;15014;14131;6;18532.0;81.0;76.3;0.0
12;24;2021-10-26;16373;15765;10;16356.0;99.0;96.4;0.1
12;29;2021-10-26;9244;8976;27;11329.0;81.6;79.2;0.2
12;39;2021-10-26;22263;21683;60;28724.0;77.5;75.5;0.2
12;49;2021-10-26;28130;27678;121;33377.0;84.3;82.9;0.4
12;59;2021-10-26;34738;34239;532;39683.0;87.5;86.3;1.3
12;09;2021-10-26;2;1;0;14098.0;0.0;0.0;0.0
12;64;2021-10-26;18321;18155;425;20219.0;90.6;89.8;2.1
12;69;2021-10-26;18783;18634;772;20502.0;91.6;90.9;3.8
12;74;2021-10-26;18883;18708;1358;18733.0;99.0;99.0;7.2
12;79;2021-10-26;12149;12015;3401;12213.0;99.0;98.4;27.8
12;80;2021-10-26;23158;22706;7599;26666.0;86.8;85.1;28.5
13;04;2021-10-26;138;64;1;115829.0;0.1;0.1;0.0
13;11;2021-10-26;335;274;0;48590.0;0.7;0.6;0.0
13;17;2021-10-26;80501;75414;44;143381.0;56.1;52.6;0.0
13;24;2021-10-26;129571;122967;232;166869.0;77.6;73.7;0.1
13;29;2021-10-26;90811;86403;311;113164.0;80.2;76.4;0.3
13;39;2021-10-26;199863;191922;886;254362.0;78.6;75.5;0.3
13;49;2021-10-26;220902;215110;1473;256640.0;86.1;83.8;0.6
13;59;2021-10-26;238709;234119;4072;265649.0;89.9;88.1;1.5
13;09;2021-10-26;81;32;0;122467.0;0.1;0.0;0.0
13;64;2021-10-26;108904;107268;3619;120563.0;90.3;89.0;3.0
13;69;2021-10-26;100209;98759;7089;115967.0;86.4;85.2;6.1
13;74;2021-10-26;97721;96339;11513;105855.0;92.3;91.0;10.9
13;79;2021-10-26;70094;68782;18876;76830.0;91.2;89.5;24.6
13;80;2021-10-26;106462;103204;30325;128303.0;83.0;80.4;23.6
14;04;2021-10-26;26;12;0;32713.0;0.1;0.0;0.0
14;11;2021-10-26;157;131;0;16901.0;0.9;0.8;0.0
14;17;2021-10-26;46600;43989;6;52063.0;89.5;84.5;0.0
14;24;2021-10-26;57555;55593;58;60987.0;94.4;91.2;0.1
14;29;2021-10-26;34685;33419;93;34960.0;99.0;95.6;0.3
14;39;2021-10-26;73610;71871;274;78671.0;93.6;91.4;0.3
14;49;2021-10-26;81234;80019;467;84964.0;95.6;94.2;0.5
14;59;2021-10-26;87489;86537;1897;89285.0;98.0;96.9;2.1
14;09;2021-10-26;8;4;0;39456.0;0.0;0.0;0.0
14;64;2021-10-26;43994;43587;1450;45437.0;96.8;95.9;3.2
14;69;2021-10-26;44522;44149;2339;45564.0;97.7;96.9;5.1
14;74;2021-10-26;42635;42272;3582;39971.0;99.0;99.0;9.0
14;79;2021-10-26;24987;24726;7808;23384.0;99.0;99.0;33.4
14;80;2021-10-26;42909;42009;14938;47097.0;91.1;89.2;31.7
15;04;2021-10-26;6;5;0;5285.0;0.1;0.1;0.0
15;11;2021-10-26;41;38;0;2969.0;1.4;1.3;0.0
15;17;2021-10-26;8552;8010;0;9080.0;94.2;88.2;0.0
15;24;2021-10-26;8894;8660;14;8091.0;99.0;99.0;0.2
15;29;2021-10-26;5192;5007;7;5406.0;96.0;92.6;0.1
15;39;2021-10-26;12395;12166;54;14131.0;87.7;86.1;0.4
15;49;2021-10-26;15612;15415;100;17202.0;90.8;89.6;0.6
15;59;2021-10-26;19159;19005;388;21195.0;90.4;89.7;1.8
15;09;2021-10-26;4;0;0;6563.0;0.1;0.0;0.0
15;64;2021-10-26;10427;10340;314;11135.0;93.6;92.9;2.8
15;69;2021-10-26;10632;10563;490;11435.0;93.0;92.4;4.3
15;74;2021-10-26;10335;10264;780;10127.0;99.0;99.0;7.7
15;79;2021-10-26;6285;6217;1800;6453.0;97.4;96.3;27.9
15;80;2021-10-26;11859;11665;3747;13739.0;86.3;84.9;27.3
16;04;2021-10-26;12;5;0;15081.0;0.1;0.0;0.0
16;11;2021-10-26;60;47;0;7841.0;0.8;0.6;0.0
16;17;2021-10-26;19431;18974;5;23113.0;84.1;82.1;0.0
16;24;2021-10-26;20594;20271;26;22805.0;90.3;88.9;0.1
16;29;2021-10-26;13169;13007;39;16488.0;79.9;78.9;0.2
16;39;2021-10-26;30351;29990;128;37221.0;81.5;80.6;0.3
16;49;2021-10-26;36278;36038;211;42419.0;85.5;85.0;0.5
16;59;2021-10-26;45141;44672;1025;48767.0;92.6;91.6;2.1
16;09;2021-10-26;8;0;0;18130.0;0.0;0.0;0.0
16;64;2021-10-26;24095;23771;832;25626.0;94.0;92.8;3.2
16;69;2021-10-26;24353;24093;1270;25227.0;96.5;95.5;5.0
16;74;2021-10-26;23264;23035;1919;22007.0;99.0;99.0;8.7
16;79;2021-10-26;14713;14553;4474;14324.0;99.0;99.0;31.2
16;80;2021-10-26;26345;25819;9551;29131.0;90.4;88.6;32.8
17;04;2021-10-26;34;12;0;26217.0;0.1;0.0;0.0
17;11;2021-10-26;100;82;1;14224.0;0.7;0.6;0.0
17;17;2021-10-26;41610;39522;10;43133.0;96.5;91.6;0.0
17;24;2021-10-26;45425;44985;40;41888.0;99.0;99.0;0.1
17;29;2021-10-26;25266;24898;43;25772.0;98.0;96.6;0.2
17;39;2021-10-26;59515;59097;171;66631.0;89.3;88.7;0.3
17;49;2021-10-26;71941;71843;376;78405.0;91.8;91.6;0.5
17;59;2021-10-26;82434;82399;1820;85909.0;96.0;95.9;2.1
17;09;2021-10-26;19;2;0;32589.0;0.1;0.0;0.0
17;64;2021-10-26;45251;45335;1480;47547.0;95.2;95.3;3.1
17;69;2021-10-26;50425;50532;2625;51529.0;97.9;98.1;5.1
17;74;2021-10-26;51170;51171;4232;47920.0;99.0;99.0;8.8
17;79;2021-10-26;31533;31328;10453;30024.0;99.0;99.0;34.8
17;80;2021-10-26;50252;49363;17785;55292.0;90.9;89.3;32.2
18;04;2021-10-26;14;10;1;13630.0;0.1;0.1;0.0
18;11;2021-10-26;83;84;0;6832.0;1.2;1.2;0.0
18;17;2021-10-26;16482;15766;3;19484.0;84.6;80.9;0.0
18;24;2021-10-26;18324;17717;15;18426.0;99.0;96.2;0.1
18;29;2021-10-26;10896;10546;13;13223.0;82.4;79.8;0.1
18;39;2021-10-26;25209;24484;87;31552.0;79.9;77.6;0.3
18;49;2021-10-26;30334;29727;160;35301.0;85.9;84.2;0.5
18;59;2021-10-26;37348;36941;822;41611.0;89.8;88.8;2.0
18;09;2021-10-26;8;1;0;15979.0;0.1;0.0;0.0
18;64;2021-10-26;19453;19254;676;21471.0;90.6;89.7;3.1
18;69;2021-10-26;19211;19037;1092;21413.0;89.7;88.9;5.1
18;74;2021-10-26;19528;19296;1969;20101.0;97.1;96.0;9.8
18;79;2021-10-26;12755;11961;3924;12438.0;99.0;96.2;31.5
18;80;2021-10-26;22107;20776;7580;24943.0;88.6;83.3;30.4
19;04;2021-10-26;5;1;0;9787.0;0.1;0.0;0.0
19;11;2021-10-26;88;80;0;5142.0;1.7;1.6;0.0
19;17;2021-10-26;13858;13226;2;15894.0;87.2;83.2;0.0
19;24;2021-10-26;15018;14631;12;15462.0;97.1;94.6;0.1
19;29;2021-10-26;9007;8753;28;10380.0;86.8;84.3;0.3
19;39;2021-10-26;21093;20756;67;24486.0;86.1;84.8;0.3
19;49;2021-10-26;25607;25356;141;29167.0;87.8;86.9;0.5
19;59;2021-10-26;30195;29989;603;33019.0;91.4;90.8;1.8
19;09;2021-10-26;5;1;0;12051.0;0.0;0.0;0.0
19;64;2021-10-26;15587;15471;547;17701.0;88.1;87.4;3.1
19;69;2021-10-26;16083;15923;1050;18195.0;88.4;87.5;5.8
19;74;2021-10-26;16375;16109;1590;16310.0;99.0;98.8;9.7
19;79;2021-10-26;10555;10375;2775;10544.0;99.0;98.4;26.3
19;80;2021-10-26;19880;19267;6109;22198.0;89.6;86.8;27.5
21;04;2021-10-26;30;14;0;25826.0;0.1;0.1;0.0
21;11;2021-10-26;148;135;0;12159.0;1.2;1.1;0.0
21;17;2021-10-26;29242;27620;12;38757.0;75.4;71.3;0.0
21;24;2021-10-26;42497;40052;111;51370.0;82.7;78.0;0.2
21;29;2021-10-26;25771;24629;96;29584.0;87.1;83.3;0.3
21;39;2021-10-26;52496;50766;309;62868.0;83.5;80.8;0.5
21;49;2021-10-26;56968;55625;468;65826.0;86.5;84.5;0.7
21;59;2021-10-26;62258;61199;1579;68688.0;90.6;89.1;2.3
21;09;2021-10-26;16;8;0;29383.0;0.1;0.0;0.0
21;64;2021-10-26;29816;29495;1131;33480.0;89.1;88.1;3.4
21;69;2021-10-26;28674;28352;1872;32324.0;88.7;87.7;5.8
21;74;2021-10-26;28937;28560;2712;29647.0;97.6;96.3;9.1
21;79;2021-10-26;18083;17934;5679;18184.0;99.0;98.6;31.2
21;80;2021-10-26;31170;30623;10417;34790.0;89.6;88.0;29.9
22;04;2021-10-26;27;8;0;27035.0;0.1;0.0;0.0
22;11;2021-10-26;106;80;0;14357.0;0.7;0.6;0.0
22;17;2021-10-26;42756;39245;6;43994.0;97.2;89.2;0.0
22;24;2021-10-26;42929;40178;36;36952.0;99.0;99.0;0.1
22;29;2021-10-26;23692;22173;30;23678.0;99.0;93.6;0.1
22;39;2021-10-26;55837;53162;161;60806.0;91.8;87.4;0.3
22;49;2021-10-26;68038;65634;347;72804.0;93.5;90.2;0.5
22;59;2021-10-26;77394;75753;1627;80453.0;96.2;94.2;2.0
22;09;2021-10-26;11;5;0;33070.0;0.0;0.0;0.0
22;64;2021-10-26;41781;41194;1273;43408.0;96.3;94.9;2.9
22;69;2021-10-26;43618;43074;2542;44297.0;98.5;97.2;5.7
22;74;2021-10-26;45478;44839;3935;40776.0;99.0;99.0;9.7
22;79;2021-10-26;25972;25590;7839;24257.0;99.0;99.0;32.3
22;80;2021-10-26;46520;45302;16140;50299.0;92.5;90.1;32.1
23;04;2021-10-26;5;2;0;4191.0;0.1;0.0;0.0
23;11;2021-10-26;35;29;0;2304.0;1.5;1.3;0.0
23;17;2021-10-26;5990;5410;1;7037.0;85.1;76.9;0.0
23;24;2021-10-26;6724;6172;10;6260.0;99.0;98.6;0.2
23;29;2021-10-26;4074;3709;14;4492.0;90.7;82.6;0.3
23;39;2021-10-26;9080;8533;35;10711.0;84.8;79.7;0.3
23;49;2021-10-26;11515;10998;77;13371.0;86.1;82.3;0.6
23;59;2021-10-26;15344;14854;364;17031.0;90.1;87.2;2.1
23;09;2021-10-26;4;0;0;5159.0;0.1;0.0;0.0
23;64;2021-10-26;8805;8684;318;9821.0;89.7;88.4;3.2
23;69;2021-10-26;8933;8838;574;9849.0;90.7;89.7;5.8
23;74;2021-10-26;8786;8689;967;8970.0;97.9;96.9;10.8
23;79;2021-10-26;5321;5243;1552;5131.0;99.0;99.0;30.2
23;80;2021-10-26;10341;10077;3563;11943.0;86.6;84.4;29.8
24;04;2021-10-26;36;16;0;15506.0;0.2;0.1;0.0
24;11;2021-10-26;64;53;0;8549.0;0.7;0.6;0.0
24;17;2021-10-26;21195;19975;6;25834.0;82.0;77.3;0.0
24;24;2021-10-26;22388;21519;26;22541.0;99.0;95.5;0.1
24;29;2021-10-26;13329;12859;28;15932.0;83.7;80.7;0.2
24;39;2021-10-26;31802;31105;116;39189.0;81.2;79.4;0.3
24;49;2021-10-26;39835;39215;204;48292.0;82.5;81.2;0.4
24;59;2021-10-26;50084;49685;991;59110.0;84.7;84.1;1.7
24;09;2021-10-26;10;5;0;19080.0;0.1;0.0;0.0
24;64;2021-10-26;28035;27750;843;32291.0;86.8;85.9;2.6
24;69;2021-10-26;29085;28854;1392;33389.0;87.1;86.4;4.2
24;74;2021-10-26;29966;29723;2153;30858.0;97.1;96.3;7.0
24;79;2021-10-26;18429;18189;4197;19184.0;96.1;94.8;21.9
24;80;2021-10-26;32071;31270;8755;38638.0;83.0;80.9;22.7
25;04;2021-10-26;30;13;0;29568.0;0.1;0.0;0.0
25;11;2021-10-26;144;122;0;13811.0;1.0;0.9;0.0
25;17;2021-10-26;29960;28561;10;41084.0;72.9;69.5;0.0
25;24;2021-10-26;38972;37469;48;47429.0;82.2;79.0;0.1
25;29;2021-10-26;23781;22802;44;30431.0;78.1;74.9;0.1
25;39;2021-10-26;51207;49531;136;67253.0;76.1;73.6;0.2
25;49;2021-10-26;57760;56461;245;67339.0;85.8;83.8;0.4
25;59;2021-10-26;59824;59070;932;67781.0;88.3;87.1;1.4
25;09;2021-10-26;16;7;0;33510.0;0.0;0.0;0.0
25;64;2021-10-26;27711;27375;706;31706.0;87.4;86.3;2.2
25;69;2021-10-26;26049;25759;1288;30203.0;86.2;85.3;4.3
25;74;2021-10-26;26321;25988;2410;28593.0;92.1;90.9;8.4
25;79;2021-10-26;17179;16923;5389;17681.0;97.2;95.7;30.5
25;80;2021-10-26;28688;28047;9722;33060.0;86.8;84.8;29.4
26;04;2021-10-26;29;12;0;27732.0;0.1;0.0;0.0
26;11;2021-10-26;103;87;0;13808.0;0.7;0.6;0.0
26;17;2021-10-26;29778;28382;13;39847.0;74.7;71.2;0.0
26;24;2021-10-26;35998;34670;34;34548.0;99.0;99.0;0.1
26;29;2021-10-26;22073;21084;36;24822.0;88.9;84.9;0.1
26;39;2021-10-26;52356;50697;139;62462.0;83.8;81.2;0.2
26;49;2021-10-26;59615;58402;214;65055.0;91.6;89.8;0.3
26;59;2021-10-26;66693;65901;828;69283.0;96.3;95.1;1.2
26;09;2021-10-26;15;0;0;32309.0;0.0;0.0;0.0
26;64;2021-10-26;30931;30663;675;33560.0;92.2;91.4;2.0
26;69;2021-10-26;30028;29720;1486;32308.0;92.9;92.0;4.6
26;74;2021-10-26;29518;29176;2604;29997.0;98.4;97.3;8.7
26;79;2021-10-26;20612;20324;6012;19941.0;99.0;99.0;30.1
26;80;2021-10-26;30975;30207;9726;34888.0;88.8;86.6;27.9
27;04;2021-10-26;16;4;0;33179.0;0.0;0.0;0.0
27;11;2021-10-26;169;149;0;16746.0;1.0;0.9;0.0
27;17;2021-10-26;38007;36129;9;48374.0;78.6;74.7;0.0
27;24;2021-10-26;38124;36358;29;40670.0;93.7;89.4;0.1
27;29;2021-10-26;22772;21652;49;28567.0;79.7;75.8;0.2
27;39;2021-10-26;56146;54114;169;73301.0;76.6;73.8;0.2
27;49;2021-10-26;65338;63744;312;80019.0;81.7;79.7;0.4
27;59;2021-10-26;72105;71088;1524;80762.0;89.3;88.0;1.9
27;09;2021-10-26;15;2;0;39766.0;0.0;0.0;0.0
27;64;2021-10-26;34734;34431;1229;38454.0;90.3;89.5;3.2
27;69;2021-10-26;33178;32849;2087;36662.0;90.5;89.6;5.7
27;74;2021-10-26;30826;30567;3525;31470.0;98.0;97.1;11.2
27;79;2021-10-26;19319;18978;5639;18731.0;99.0;99.0;30.1
27;80;2021-10-26;30050;29259;10145;33986.0;88.4;86.1;29.9
28;04;2021-10-26;13;4;0;24097.0;0.1;0.0;0.0
28;11;2021-10-26;80;64;0;11613.0;0.7;0.6;0.0
28;17;2021-10-26;29255;27699;10;33676.0;86.9;82.3;0.0
28;24;2021-10-26;28636;27507;45;27514.0;99.0;99.0;0.2
28;29;2021-10-26;17019;16380;58;20894.0;81.5;78.4;0.3
28;39;2021-10-26;41393;40185;183;51269.0;80.7;78.4;0.4
28;49;2021-10-26;48021;47373;352;55770.0;86.1;84.9;0.6
28;59;2021-10-26;51161;50656;1183;57755.0;88.6;87.7;2.0
28;09;2021-10-26;6;2;0;27820.0;0.0;0.0;0.0
28;64;2021-10-26;24181;23879;857;27002.0;89.6;88.4;3.2
28;69;2021-10-26;23511;23261;1155;26418.0;89.0;88.0;4.4
28;74;2021-10-26;23033;22755;1823;23002.0;99.0;98.9;7.9
28;79;2021-10-26;13827;13688;4371;13878.0;99.0;98.6;31.5
28;80;2021-10-26;24408;23763;8596;28717.0;85.0;82.7;29.9
29;04;2021-10-26;43;15;0;41580.0;0.1;0.0;0.0
29;11;2021-10-26;200;172;0;21519.0;0.9;0.8;0.0
29;17;2021-10-26;61649;59589;9;65991.0;93.4;90.3;0.0
29;24;2021-10-26;69227;68304;67;70022.0;98.9;97.5;0.1
29;29;2021-10-26;39474;38671;74;42569.0;92.7;90.8;0.2
29;39;2021-10-26;90395;89428;274;99828.0;90.6;89.6;0.3
29;49;2021-10-26;105081;104500;478;113799.0;92.3;91.8;0.4
29;59;2021-10-26;116719;116455;3673;123509.0;94.5;94.3;3.0
29;09;2021-10-26;26;6;0;49680.0;0.1;0.0;0.0
29;64;2021-10-26;60506;60381;2355;63508.0;95.3;95.1;3.7
29;69;2021-10-26;58393;58234;2872;60999.0;95.7;95.5;4.7
29;74;2021-10-26;56647;56415;4123;54208.0;99.0;99.0;7.6
29;79;2021-10-26;33120;32805;9086;32298.0;99.0;99.0;28.1
29;80;2021-10-26;61343;60248;19761;67044.0;91.5;89.9;29.5
2A;04;2021-10-26;17;13;0;7413.0;0.2;0.2;0.0
2A;11;2021-10-26;53;41;2;3518.0;1.5;1.2;0.1
2A;17;2021-10-26;7623;7030;12;9322.0;81.8;75.4;0.1
2A;24;2021-10-26;10562;10126;21;9206.0;99.0;99.0;0.2
2A;29;2021-10-26;7562;7042;26;7844.0;96.4;89.8;0.3
2A;39;2021-10-26;16259;15372;61;20657.0;78.7;74.4;0.3
2A;49;2021-10-26;18588;17860;121;22044.0;84.3;81.0;0.5
2A;59;2021-10-26;21481;21028;348;23268.0;92.3;90.4;1.5
2A;09;2021-10-26;5;1;0;8580.0;0.1;0.0;0.0
2A;64;2021-10-26;9790;9850;406;10671.0;91.7;92.3;3.8
2A;69;2021-10-26;9448;9524;1077;10602.0;89.1;89.8;10.2
2A;74;2021-10-26;8601;8675;1576;9731.0;88.4;89.1;16.2
2A;79;2021-10-26;5899;5863;2131;7933.0;74.4;73.9;26.9
2A;80;2021-10-26;8851;8627;3031;11632.0;76.1;74.2;26.1
2B;04;2021-10-26;19;10;0;8250.0;0.2;0.1;0.0
2B;11;2021-10-26;20;22;0;4048.0;0.5;0.5;0.0
2B;17;2021-10-26;6210;5989;2;11185.0;55.5;53.5;0.0
2B;24;2021-10-26;9001;8562;13;13486.0;66.7;63.5;0.1
2B;29;2021-10-26;6444;6148;28;9563.0;67.4;64.3;0.3
2B;39;2021-10-26;15306;14701;82;22967.0;66.6;64.0;0.4
2B;49;2021-10-26;18074;17613;144;23161.0;78.0;76.0;0.6
2B;59;2021-10-26;21491;21127;348;24702.0;87.0;85.5;1.4
2B;09;2021-10-26;4;0;0;9501.0;0.0;0.0;0.0
2B;64;2021-10-26;10626;10579;354;11790.0;90.1;89.7;3.0
2B;69;2021-10-26;10391;10419;817;12032.0;86.4;86.6;6.8
2B;74;2021-10-26;9835;9863;1500;10849.0;90.7;90.9;13.8
2B;79;2021-10-26;6834;6771;2345;8172.0;83.6;82.9;28.7
2B;80;2021-10-26;10357;10142;3924;12552.0;82.5;80.8;31.3
30;04;2021-10-26;41;24;1;37678.0;0.1;0.1;0.0
30;11;2021-10-26;205;177;0;18277.0;1.1;1.0;0.0
30;17;2021-10-26;38051;36235;19;54361.0;70.0;66.7;0.0
30;24;2021-10-26;45498;44320;79;52820.0;86.1;83.9;0.1
30;29;2021-10-26;26246;25543;109;34641.0;75.8;73.7;0.3
30;39;2021-10-26;62731;61640;374;84369.0;74.4;73.1;0.4
30;49;2021-10-26;75339;74452;633;91908.0;82.0;81.0;0.7
30;59;2021-10-26;89344;88345;1853;103521.0;86.3;85.3;1.8
30;09;2021-10-26;15;7;0;42949.0;0.0;0.0;0.0
30;64;2021-10-26;45176;44686;1368;50969.0;88.6;87.7;2.7
30;69;2021-10-26;44824;44382;2418;50457.0;88.8;88.0;4.8
30;74;2021-10-26;46419;45816;4268;45688.0;99.0;99.0;9.3
30;79;2021-10-26;30699;30148;8377;30153.0;99.0;99.0;27.8
30;80;2021-10-26;45250;43861;13508;50677.0;89.3;86.6;26.7
31;04;2021-10-26;41;24;1;78558.0;0.1;0.0;0.0
31;11;2021-10-26;153;140;0;33314.0;0.5;0.4;0.0
31;17;2021-10-26;72793;69467;24;99355.0;73.3;69.9;0.0
31;24;2021-10-26;107991;105469;193;147618.0;73.2;71.4;0.1
31;29;2021-10-26;76726;75168;201;96416.0;79.6;78.0;0.2
31;39;2021-10-26;149954;147854;508;194920.0;76.9;75.9;0.3
31;49;2021-10-26;151088;150094;767;184340.0;82.0;81.4;0.4
31;59;2021-10-26;152157;150450;2874;174175.0;87.4;86.4;1.7
31;09;2021-10-26;24;1;0;84158.0;0.0;0.0;0.0
31;64;2021-10-26;66008;65224;1920;72167.0;91.5;90.4;2.7
31;69;2021-10-26;57842;57153;2840;65865.0;87.8;86.8;4.3
31;74;2021-10-26;55751;55165;4124;59889.0;93.1;92.1;6.9
31;79;2021-10-26;37380;37161;9393;39232.0;95.3;94.7;23.9
31;80;2021-10-26;61896;60844;17061;70928.0;87.3;85.8;24.1
32;04;2021-10-26;10;4;0;7650.0;0.1;0.1;0.0
32;11;2021-10-26;44;43;0;4295.0;1.0;1.0;0.0
32;17;2021-10-26;10312;9320;2;12530.0;82.3;74.4;0.0
32;24;2021-10-26;12244;10907;18;10079.0;99.0;99.0;0.2
32;29;2021-10-26;7297;6456;30;7305.0;99.0;88.4;0.4
32;39;2021-10-26;17518;15804;87;18813.0;93.1;84.0;0.5
32;49;2021-10-26;21775;20410;128;23258.0;93.6;87.8;0.6
32;59;2021-10-26;24831;24165;475;27973.0;88.8;86.4;1.7
32;09;2021-10-26;9;3;0;9623.0;0.1;0.0;0.0
32;64;2021-10-26;12882;12667;365;14418.0;89.3;87.9;2.5
32;69;2021-10-26;12594;12485;615;14445.0;87.2;86.4;4.3
32;74;2021-10-26;12202;12092;945;13008.0;93.8;93.0;7.3
32;79;2021-10-26;8019;7848;2246;8613.0;93.1;91.1;26.1
32;80;2021-10-26;14929;14529;4552;18030.0;82.8;80.6;25.2
33;04;2021-10-26;82;38;0;83937.0;0.1;0.0;0.0
33;11;2021-10-26;388;326;0;39240.0;1.0;0.8;0.0
33;17;2021-10-26;97250;93735;36;117160.0;83.0;80.0;0.0
33;24;2021-10-26;128166;125802;207;152227.0;84.2;82.6;0.1
33;29;2021-10-26;86948;85392;295;96491.0;90.1;88.5;0.3
33;39;2021-10-26;184839;182407;717;211536.0;87.4;86.2;0.3
33;49;2021-10-26;200687;198947;1231;220133.0;91.2;90.4;0.6
33;59;2021-10-26;199433;197364;4740;205186.0;97.2;96.2;2.3
33;09;2021-10-26;56;14;0;94854.0;0.1;0.0;0.0
33;64;2021-10-26;90407;89497;2938;94195.0;96.0;95.0;3.1
33;69;2021-10-26;87371;86548;4844;91164.0;95.8;94.9;5.3
33;74;2021-10-26;86326;85626;7587;82221.0;99.0;99.0;9.2
33;79;2021-10-26;53276;52485;15663;51472.0;99.0;99.0;30.4
33;80;2021-10-26;87403;85416;26502;93624.0;93.4;91.2;28.3
34;04;2021-10-26;60;24;2;60240.0;0.1;0.0;0.0
34;11;2021-10-26;256;217;0;27418.0;0.9;0.8;0.0
34;17;2021-10-26;58441;55491;17;81939.0;71.3;67.7;0.0
34;24;2021-10-26;88227;85104;129;109686.0;80.4;77.6;0.1
34;29;2021-10-26;56507;54507;165;65836.0;85.8;82.8;0.3
34;39;2021-10-26;117841;115124;495;142491.0;82.7;80.8;0.3
34;49;2021-10-26;131187;129506;881;145553.0;90.1;89.0;0.6
34;59;2021-10-26;139997;138402;2943;147241.0;95.1;94.0;2.0
34;09;2021-10-26;29;9;0;66947.0;0.0;0.0;0.0
34;64;2021-10-26;65285;65139;2168;69781.0;93.6;93.3;3.1
34;69;2021-10-26;64812;64783;3796;71456.0;90.7;90.7;5.3
34;74;2021-10-26;65699;65472;6901;67486.0;97.4;97.0;10.2
34;79;2021-10-26;45080;44529;13726;44508.0;99.0;99.0;30.8
34;80;2021-10-26;66517;65048;20183;75563.0;88.0;86.1;26.7
35;04;2021-10-26;40;22;0;59204.0;0.1;0.0;0.0
35;11;2021-10-26;166;147;0;28654.0;0.6;0.5;0.0
35;17;2021-10-26;74136;73416;19;85764.0;86.4;85.6;0.0
35;24;2021-10-26;87690;88123;117;104190.0;84.2;84.6;0.1
35;29;2021-10-26;56595;56720;118;61845.0;91.5;91.7;0.2
35;39;2021-10-26;118603;119057;377;136675.0;86.8;87.1;0.3
35;49;2021-10-26;127644;127973;648;143253.0;89.1;89.3;0.5
35;59;2021-10-26;128249;128054;3289;135357.0;94.7;94.6;2.4
35;09;2021-10-26;23;6;0;68790.0;0.0;0.0;0.0
35;64;2021-10-26;58432;58188;1757;59016.0;99.0;98.6;3.0
35;69;2021-10-26;54300;53949;2551;55998.0;97.0;96.3;4.6
35;74;2021-10-26;52454;52089;3658;50609.0;99.0;99.0;7.2
35;79;2021-10-26;31910;31668;8858;30280.0;99.0;99.0;29.3
35;80;2021-10-26;59189;58039;18601;62438.0;94.8;93.0;29.8
36;04;2021-10-26;6;3;0;8766.0;0.1;0.0;0.0
36;11;2021-10-26;63;56;0;4647.0;1.4;1.2;0.0
36;17;2021-10-26;12121;11555;5;14285.0;84.9;80.9;0.0
36;24;2021-10-26;12464;12163;8;13347.0;93.4;91.1;0.1
36;29;2021-10-26;7281;7122;17;8959.0;81.3;79.5;0.2
36;39;2021-10-26;16884;16543;53;20646.0;81.8;80.1;0.3
36;49;2021-10-26;21181;21010;105;25665.0;82.5;81.9;0.4
36;59;2021-10-26;27750;27478;582;30627.0;90.6;89.7;1.9
36;09;2021-10-26;6;1;0;10807.0;0.1;0.0;0.0
36;64;2021-10-26;15250;15112;456;16697.0;91.3;90.5;2.7
36;69;2021-10-26;15582;15471;744;16845.0;92.5;91.8;4.4
36;74;2021-10-26;15631;15527;1204;15444.0;99.0;99.0;7.8
36;79;2021-10-26;10248;10115;3195;9912.0;99.0;99.0;32.2
36;80;2021-10-26;18678;18242;6570;20492.0;91.1;89.0;32.1
37;04;2021-10-26;15;6;1;30767.0;0.0;0.0;0.0
37;11;2021-10-26;100;88;0;14523.0;0.7;0.6;0.0
37;17;2021-10-26;35798;34464;9;44602.0;80.3;77.3;0.0
37;24;2021-10-26;47805;47053;65;51128.0;93.5;92.0;0.1
37;29;2021-10-26;28549;28065;75;30771.0;92.8;91.2;0.2
37;39;2021-10-26;62254;61330;220;71384.0;87.2;85.9;0.3
37;49;2021-10-26;67261;66680;412;75823.0;88.7;87.9;0.5
37;59;2021-10-26;72493;71943;2113;77908.0;93.0;92.3;2.7
37;09;2021-10-26;13;0;0;35521.0;0.0;0.0;0.0
37;64;2021-10-26;34775;34454;1235;38120.0;91.2;90.4;3.2
37;69;2021-10-26;34114;33815;1604;37052.0;92.1;91.3;4.3
37;74;2021-10-26;33322;33032;2151;33451.0;99.0;98.7;6.4
37;79;2021-10-26;21202;20974;5274;21199.0;99.0;98.9;24.9
37;80;2021-10-26;37980;37170;10348;43131.0;88.1;86.2;24.0
38;04;2021-10-26;55;24;1;70823.0;0.1;0.0;0.0
38;11;2021-10-26;529;470;1;33580.0;1.6;1.4;0.0
38;17;2021-10-26;71275;67608;29;99889.0;71.4;67.7;0.0
38;24;2021-10-26;93474;89846;154;108965.0;85.8;82.5;0.1
38;29;2021-10-26;58792;56522;143;67727.0;86.8;83.5;0.2
38;39;2021-10-26;126488;122947;385;156507.0;80.8;78.6;0.2
38;49;2021-10-26;138289;135865;588;166838.0;82.9;81.4;0.4
38;59;2021-10-26;144518;142792;2362;165540.0;87.3;86.3;1.4
38;09;2021-10-26;20;5;0;81216.0;0.0;0.0;0.0
38;64;2021-10-26;65665;64905;1683;73262.0;89.6;88.6;2.3
38;69;2021-10-26;60081;59387;2775;68087.0;88.2;87.2;4.1
38;74;2021-10-26;57718;57049;5038;60493.0;95.4;94.3;8.3
38;79;2021-10-26;38950;38564;11816;41745.0;93.3;92.4;28.3
38;80;2021-10-26;60847;59651;19964;70307.0;86.5;84.8;28.4
39;04;2021-10-26;9;1;0;12428.0;0.1;0.0;0.0
39;11;2021-10-26;78;69;0;6231.0;1.3;1.1;0.0
39;17;2021-10-26;15707;14608;3;19130.0;82.1;76.4;0.0
39;24;2021-10-26;16746;16046;17;16259.0;99.0;98.7;0.1
39;29;2021-10-26;9681;9266;28;11639.0;83.2;79.6;0.2
39;39;2021-10-26;22759;21806;82;28552.0;79.7;76.4;0.3
39;49;2021-10-26;27164;26431;202;32094.0;84.6;82.4;0.6
39;59;2021-10-26;32678;32091;580;36427.0;89.7;88.1;1.6
39;09;2021-10-26;2;1;0;14464.0;0.0;0.0;0.0
39;64;2021-10-26;16162;15987;458;17732.0;91.1;90.2;2.6
39;69;2021-10-26;15960;15753;826;17001.0;93.9;92.7;4.9
39;74;2021-10-26;16013;15840;1404;15842.0;99.0;99.0;8.9
39;79;2021-10-26;10781;10704;3379;10318.0;99.0;99.0;32.7
39;80;2021-10-26;17538;17143;5883;19732.0;88.9;86.9;29.8
40;04;2021-10-26;20;9;0;18009.0;0.1;0.0;0.0
40;11;2021-10-26;112;94;0;9505.0;1.2;1.0;0.0
40;17;2021-10-26;29290;27514;5;27786.0;99.0;99.0;0.0
40;24;2021-10-26;28976;29300;24;23141.0;99.0;99.0;0.1
40;29;2021-10-26;17395;17038;45;17313.0;99.0;98.4;0.3
40;39;2021-10-26;39684;39119;124;45849.0;86.6;85.3;0.3
40;49;2021-10-26;47325;47156;265;54129.0;87.4;87.1;0.5
40;59;2021-10-26;52255;52039;958;58062.0;90.0;89.6;1.6
40;09;2021-10-26;15;2;0;22036.0;0.1;0.0;0.0
40;64;2021-10-26;27010;27034;781;29228.0;92.4;92.5;2.7
40;69;2021-10-26;28010;28084;1539;30256.0;92.6;92.8;5.1
40;74;2021-10-26;27851;27845;2640;27412.0;99.0;99.0;9.6
40;79;2021-10-26;17104;16981;5479;17201.0;99.0;98.7;31.9
40;80;2021-10-26;28583;28038;9814;32052.0;89.2;87.5;30.6
41;04;2021-10-26;11;5;0;15114.0;0.1;0.0;0.0
41;11;2021-10-26;33;25;0;7960.0;0.4;0.3;0.0
41;17;2021-10-26;18232;17824;5;24327.0;74.9;73.3;0.0
41;24;2021-10-26;19333;19113;25;20436.0;94.6;93.5;0.1
41;29;2021-10-26;11616;11396;28;14376.0;80.8;79.3;0.2
41;39;2021-10-26;27317;27040;130;34921.0;78.2;77.4;0.4
41;49;2021-10-26;34146;33770;190;40911.0;83.5;82.5;0.5
41;59;2021-10-26;40938;40568;886;45162.0;90.6;89.8;2.0
41;09;2021-10-26;4;0;0;18722.0;0.0;0.0;0.0
41;64;2021-10-26;21058;20946;611;22728.0;92.7;92.2;2.7
41;69;2021-10-26;20812;20628;927;22685.0;91.7;90.9;4.1
41;74;2021-10-26;20745;20625;1466;20510.0;99.0;99.0;7.1
41;79;2021-10-26;13268;13121;3523;12424.0;99.0;99.0;28.4
41;80;2021-10-26;24970;24441;7920;27559.0;90.6;88.7;28.7
42;04;2021-10-26;29;18;0;41994.0;0.1;0.0;0.0
42;11;2021-10-26;195;179;1;19354.0;1.0;0.9;0.0
42;17;2021-10-26;46036;43325;17;57810.0;79.6;74.9;0.0
42;24;2021-10-26;59051;56023;66;61452.0;96.1;91.2;0.1
42;29;2021-10-26;34677;32831;82;38460.0;90.2;85.4;0.2
42;39;2021-10-26;77723;74536;270;87478.0;88.8;85.2;0.3
42;49;2021-10-26;88637;85884;405;93717.0;94.6;91.6;0.4
42;59;2021-10-26;93764;92442;1351;96985.0;96.7;95.3;1.4
42;09;2021-10-26;14;0;0;47476.0;0.0;0.0;0.0
42;64;2021-10-26;44254;43730;1047;45737.0;96.8;95.6;2.3
42;69;2021-10-26;43197;42674;1978;46317.0;93.3;92.1;4.3
42;74;2021-10-26;43422;42875;3295;44186.0;98.3;97.0;7.5
42;79;2021-10-26;28277;27922;7546;28220.0;99.0;98.9;26.7
42;80;2021-10-26;49043;48049;14914;55551.0;88.3;86.5;26.8
43;04;2021-10-26;5;4;1;10473.0;0.0;0.0;0.0
43;11;2021-10-26;44;39;0;5400.0;0.8;0.7;0.0
43;17;2021-10-26;12829;11977;6;16790.0;76.4;71.3;0.0
43;24;2021-10-26;13927;13511;13;13944.0;99.0;96.9;0.1
43;29;2021-10-26;7661;7372;22;9892.0;77.4;74.5;0.2
43;39;2021-10-26;17850;17370;74;24155.0;73.9;71.9;0.3
43;49;2021-10-26;22392;22031;136;28786.0;77.8;76.5;0.5
43;59;2021-10-26;27013;26825;437;32117.0;84.1;83.5;1.4
43;09;2021-10-26;3;1;0;12253.0;0.0;0.0;0.0
43;64;2021-10-26;14245;14237;422;16538.0;86.1;86.1;2.6
43;69;2021-10-26;14526;14498;884;15751.0;92.2;92.0;5.6
43;74;2021-10-26;15195;15073;1649;14568.0;99.0;99.0;11.3
43;79;2021-10-26;9019;8929;2856;8692.0;99.0;99.0;32.9
43;80;2021-10-26;15768;15461;5577;17542.0;89.9;88.1;31.8
44;04;2021-10-26;78;41;0;82679.0;0.1;0.0;0.0
44;11;2021-10-26;315;281;0;37893.0;0.8;0.7;0.0
44;17;2021-10-26;95730;94638;21;112366.0;85.2;84.2;0.0
44;24;2021-10-26;110553;111123;116;121915.0;90.7;91.1;0.1
44;29;2021-10-26;74201;74360;177;83347.0;89.0;89.2;0.2
44;39;2021-10-26;165465;165530;449;190072.0;87.1;87.1;0.2
44;49;2021-10-26;172866;173591;790;190724.0;90.6;91.0;0.4
44;59;2021-10-26;168102;167743;3360;177335.0;94.8;94.6;1.9
44;09;2021-10-26;44;15;0;93073.0;0.0;0.0;0.0
44;64;2021-10-26;76186;75774;2308;80388.0;94.8;94.3;2.9
44;69;2021-10-26;72638;72320;3411;78183.0;92.9;92.5;4.4
44;74;2021-10-26;70839;70535;5005;68887.0;99.0;99.0;7.3
44;79;2021-10-26;42257;41946;10818;41100.0;99.0;99.0;26.3
44;80;2021-10-26;73037;71654;21930;79175.0;92.2;90.5;27.7
45;04;2021-10-26;24;13;1;38709.0;0.1;0.0;0.0
45;11;2021-10-26;189;158;0;18265.0;1.0;0.9;0.0
45;17;2021-10-26;42238;39723;20;53977.0;78.3;73.6;0.0
45;24;2021-10-26;47002;45399;57;53473.0;87.9;84.9;0.1
45;29;2021-10-26;29772;28888;64;36199.0;82.2;79.8;0.2
45;39;2021-10-26;66123;64540;186;82596.0;80.1;78.1;0.2
45;49;2021-10-26;72896;71986;308;87117.0;83.7;82.6;0.4
45;59;2021-10-26;75594;74951;1542;87500.0;86.4;85.7;1.8
45;09;2021-10-26;14;5;0;44474.0;0.0;0.0;0.0
45;64;2021-10-26;35333;34990;1069;40935.0;86.3;85.5;2.6
45;69;2021-10-26;33708;33446;1607;39320.0;85.7;85.1;4.1
45;74;2021-10-26;34491;34128;2819;35729.0;96.5;95.5;7.9
45;79;2021-10-26;21656;21515;6570;21933.0;98.7;98.1;30.0
45;80;2021-10-26;37274;36563;12682;42663.0;87.4;85.7;29.7
46;04;2021-10-26;14;5;0;6514.0;0.2;0.1;0.0
46;11;2021-10-26;35;31;0;3497.0;1.0;0.9;0.0
46;17;2021-10-26;9806;9124;0;10797.0;90.8;84.5;0.0
46;24;2021-10-26;10513;10180;7;9162.0;99.0;99.0;0.1
46;29;2021-10-26;6302;6080;14;6807.0;92.6;89.3;0.2
46;39;2021-10-26;14230;14043;18;16429.0;86.6;85.5;0.1
46;49;2021-10-26;18050;17744;83;19814.0;91.1;89.6;0.4
46;59;2021-10-26;23666;23412;309;24719.0;95.7;94.7;1.3
46;09;2021-10-26;8;2;0;8020.0;0.1;0.0;0.0
46;64;2021-10-26;13828;13677;299;14220.0;97.2;96.2;2.1
46;69;2021-10-26;14420;14282;582;14062.0;99.0;99.0;4.1
46;74;2021-10-26;14207;14162;1100;13341.0;99.0;99.0;8.2
46;79;2021-10-26;8941;8923;2432;8404.0;99.0;99.0;28.9
46;80;2021-10-26;15460;15212;4890;17380.0;89.0;87.5;28.1
47;04;2021-10-26;15;9;0;15055.0;0.1;0.1;0.0
47;11;2021-10-26;47;39;0;7711.0;0.6;0.5;0.0
47;17;2021-10-26;18640;17496;2;22695.0;82.1;77.1;0.0
47;24;2021-10-26;21420;20283;20;20332.0;99.0;99.0;0.1
47;29;2021-10-26;12685;12048;11;14531.0;87.3;82.9;0.1
47;39;2021-10-26;29578;28698;87;35714.0;82.8;80.4;0.2
47;49;2021-10-26;35240;34262;169;38760.0;90.9;88.4;0.4
47;59;2021-10-26;41843;41144;589;45512.0;91.9;90.4;1.3
47;09;2021-10-26;5;1;0;18101.0;0.0;0.0;0.0
47;64;2021-10-26;21040;20799;517;23318.0;90.2;89.2;2.2
47;69;2021-10-26;21107;20885;923;23718.0;89.0;88.1;3.9
47;74;2021-10-26;20795;20561;1506;21876.0;95.1;94.0;6.9
47;79;2021-10-26;14242;14007;3199;14687.0;97.0;95.4;21.8
47;80;2021-10-26;24634;24042;6249;28326.0;87.0;84.9;22.1
48;04;2021-10-26;2;0;0;3154.0;0.1;0.0;0.0
48;11;2021-10-26;12;14;0;1721.0;0.7;0.8;0.0
48;17;2021-10-26;3825;3583;3;5215.0;73.3;68.7;0.1
48;24;2021-10-26;3925;3898;4;5269.0;74.5;74.0;0.1
48;29;2021-10-26;2281;2254;7;3397.0;67.1;66.4;0.2
48;39;2021-10-26;5628;5583;37;7892.0;71.3;70.7;0.5
48;49;2021-10-26;7248;7191;70;9437.0;76.8;76.2;0.7
48;59;2021-10-26;8882;8848;229;10818.0;82.1;81.8;2.1
48;09;2021-10-26;1;0;0;3829.0;0.0;0.0;0.0
48;64;2021-10-26;4673;4680;174;5523.0;84.6;84.7;3.2
48;69;2021-10-26;4608;4630;344;5546.0;83.1;83.5;6.2
48;74;2021-10-26;4611;4635;595;4893.0;94.2;94.7;12.2
48;79;2021-10-26;2907;2922;963;3046.0;95.4;95.9;31.6
48;80;2021-10-26;5369;5318;1925;6546.0;82.0;81.2;29.4
49;04;2021-10-26;31;16;0;41422.0;0.1;0.0;0.0
49;11;2021-10-26;238;212;0;21944.0;1.1;1.0;0.0
49;17;2021-10-26;57492;55015;7;66804.0;86.1;82.4;0.0
49;24;2021-10-26;70699;67026;50;73580.0;96.1;91.1;0.1
49;29;2021-10-26;39973;38182;87;40160.0;99.0;95.1;0.2
49;39;2021-10-26;87225;84046;212;95013.0;91.8;88.5;0.2
49;49;2021-10-26;98269;95679;428;102005.0;96.3;93.8;0.4
49;59;2021-10-26;101477;99905;1957;102416.0;99.0;97.5;1.9
49;09;2021-10-26;19;2;0;49839.0;0.0;0.0;0.0
49;64;2021-10-26;48541;48022;1243;49545.0;98.0;96.9;2.5
49;69;2021-10-26;46271;45742;1681;47115.0;98.2;97.1;3.6
49;74;2021-10-26;42936;42641;2779;41943.0;99.0;99.0;6.6
49;79;2021-10-26;26061;25829;6548;26000.0;99.0;99.0;25.2
49;80;2021-10-26;49320;48517;15029;58095.0;84.9;83.5;25.9
50;04;2021-10-26;14;8;0;22546.0;0.1;0.0;0.0
50;11;2021-10-26;125;107;1;11475.0;1.1;0.9;0.0
50;17;2021-10-26;34601;33016;6;34806.0;99.0;94.9;0.0
50;24;2021-10-26;35310;34951;33;30917.0;99.0;99.0;0.1
50;29;2021-10-26;22151;21666;57;22751.0;97.4;95.2;0.3
50;39;2021-10-26;48792;48052;197;52724.0;92.5;91.1;0.4
50;49;2021-10-26;54662;54088;321;58061.0;94.1;93.2;0.6
50;59;2021-10-26;65400;64880;1389;68673.0;95.2;94.5;2.0
50;09;2021-10-26;10;0;0;26622.0;0.0;0.0;0.0
50;64;2021-10-26;34052;33828;1027;35084.0;97.1;96.4;2.9
50;69;2021-10-26;33110;32954;1699;34247.0;96.7;96.2;5.0
50;74;2021-10-26;32933;32701;2531;31790.0;99.0;99.0;8.0
50;79;2021-10-26;19158;18978;5515;18769.0;99.0;99.0;29.4
50;80;2021-10-26;37618;36709;11805;42204.0;89.1;87.0;28.0
51;04;2021-10-26;17;8;0;30191.0;0.1;0.0;0.0
51;11;2021-10-26;85;71;0;13604.0;0.6;0.5;0.0
51;17;2021-10-26;34683;33025;4;41912.0;82.8;78.8;0.0
51;24;2021-10-26;43121;42120;46;53016.0;81.3;79.4;0.1
51;29;2021-10-26;26933;26217;73;31606.0;85.2;82.9;0.2
51;39;2021-10-26;57211;56253;195;69338.0;82.5;81.1;0.3
51;49;2021-10-26;61732;61134;341;70406.0;87.7;86.8;0.5
51;59;2021-10-26;66789;66219;1597;72009.0;92.8;92.0;2.2
51;09;2021-10-26;14;4;0;34561.0;0.0;0.0;0.0
51;64;2021-10-26;31376;31066;1155;34031.0;92.2;91.3;3.4
51;69;2021-10-26;30090;29780;1759;32988.0;91.2;90.3;5.3
51;74;2021-10-26;29830;29498;2660;29996.0;99.0;98.3;8.9
51;79;2021-10-26;17226;17061;5244;17033.0;99.0;99.0;30.8
51;80;2021-10-26;29422;28826;9955;33132.0;88.8;87.0;30.0
52;04;2021-10-26;6;3;0;7524.0;0.1;0.0;0.0
52;11;2021-10-26;31;23;0;3779.0;0.8;0.6;0.0
52;17;2021-10-26;9675;9343;2;11324.0;85.4;82.5;0.0
52;24;2021-10-26;10356;10008;8;10948.0;94.6;91.4;0.1
52;29;2021-10-26;6272;5976;9;8345.0;75.2;71.6;0.1
52;39;2021-10-26;14996;14577;33;17980.0;83.4;81.1;0.2
52;49;2021-10-26;17052;16821;81;19980.0;85.3;84.2;0.4
52;59;2021-10-26;21220;21053;365;24288.0;87.4;86.7;1.5
52;09;2021-10-26;5;1;0;9030.0;0.1;0.0;0.0
52;64;2021-10-26;10952;10877;295;12592.0;87.0;86.4;2.3
52;69;2021-10-26;10901;10816;459;12380.0;88.1;87.4;3.7
52;74;2021-10-26;10642;10604;710;11009.0;96.7;96.3;6.4
52;79;2021-10-26;6523;6522;1433;6500.0;99.0;99.0;22.0
52;80;2021-10-26;11826;11660;3065;13571.0;87.1;85.9;22.6
53;04;2021-10-26;2;1;0;15655.0;0.0;0.0;0.0
53;11;2021-10-26;62;54;0;8102.0;0.8;0.7;0.0
53;17;2021-10-26;22383;21380;5;24567.0;91.1;87.0;0.0
53;24;2021-10-26;23538;22639;21;21795.0;99.0;99.0;0.1
53;29;2021-10-26;13410;12905;21;13770.0;97.4;93.7;0.2
53;39;2021-10-26;30106;29073;103;33591.0;89.6;86.5;0.3
53;49;2021-10-26;35627;34684;216;38239.0;93.2;90.7;0.6
53;59;2021-10-26;36567;36327;836;40380.0;90.6;90.0;2.1
53;09;2021-10-26;11;1;0;19227.0;0.1;0.0;0.0
53;64;2021-10-26;17206;17056;657;19825.0;86.8;86.0;3.3
53;69;2021-10-26;16662;16561;897;18906.0;88.1;87.6;4.7
53;74;2021-10-26;17507;17257;1438;16974.0;99.0;99.0;8.5
53;79;2021-10-26;9847;9744;3005;10260.0;96.0;95.0;29.3
53;80;2021-10-26;20975;20581;7648;24074.0;87.1;85.5;31.8
54;04;2021-10-26;47;13;0;36751.0;0.1;0.0;0.0
54;11;2021-10-26;195;175;0;17248.0;1.1;1.0;0.0
54;17;2021-10-26;41239;39247;12;52300.0;78.9;75.0;0.0
54;24;2021-10-26;56464;54398;108;73381.0;76.9;74.1;0.1
54;29;2021-10-26;34143;32976;152;42716.0;79.9;77.2;0.4
54;39;2021-10-26;73365;71592;431;91468.0;80.2;78.3;0.5
54;49;2021-10-26;78057;76833;662;89778.0;86.9;85.6;0.7
54;59;2021-10-26;83893;82869;2244;92748.0;90.5;89.3;2.4
54;09;2021-10-26;24;8;0;42458.0;0.1;0.0;0.0
54;64;2021-10-26;40602;40091;1488;45058.0;90.1;89.0;3.3
54;69;2021-10-26;38149;37747;2765;42708.0;89.3;88.4;6.5
54;74;2021-10-26;35426;35147;4116;37042.0;95.6;94.9;11.1
54;79;2021-10-26;20905;20582;6911;21736.0;96.2;94.7;31.8
54;80;2021-10-26;38118;37280;13290;45006.0;84.7;82.8;29.5
55;04;2021-10-26;6;3;0;8589.0;0.1;0.0;0.0
55;11;2021-10-26;60;55;0;4233.0;1.4;1.3;0.0
55;17;2021-10-26;9615;9017;1;13183.0;72.9;68.4;0.0
55;24;2021-10-26;10709;10165;14;12250.0;87.4;83.0;0.1
55;29;2021-10-26;6287;5952;15;8717.0;72.1;68.3;0.2
55;39;2021-10-26;15196;14691;65;20573.0;73.9;71.4;0.3
55;49;2021-10-26;17152;16763;117;22189.0;77.3;75.5;0.5
55;59;2021-10-26;21103;20867;489;25507.0;82.7;81.8;1.9
55;09;2021-10-26;4;3;0;10471.0;0.0;0.0;0.0
55;64;2021-10-26;11794;11698;374;13096.0;90.1;89.3;2.9
55;69;2021-10-26;11777;11684;594;12914.0;91.2;90.5;4.6
55;74;2021-10-26;11142;11075;809;10888.0;99.0;99.0;7.4
55;79;2021-10-26;5757;5705;1521;6009.0;95.8;94.9;25.3
55;80;2021-10-26;10847;10610;3245;13022.0;83.3;81.5;24.9
56;04;2021-10-26;30;15;0;34639.0;0.1;0.0;0.0
56;11;2021-10-26;99;97;0;18241.0;0.5;0.5;0.0
56;17;2021-10-26;53007;50130;13;55069.0;96.3;91.0;0.0
56;24;2021-10-26;53466;52272;33;49375.0;99.0;99.0;0.1
56;29;2021-10-26;29850;29122;43;31552.0;94.6;92.3;0.1
56;39;2021-10-26;70533;69450;187;80891.0;87.2;85.9;0.2
56;49;2021-10-26;85735;84749;400;94257.0;91.0;89.9;0.4
56;59;2021-10-26;98319;97165;2099;103556.0;94.9;93.8;2.0
56;09;2021-10-26;10;3;0;42173.0;0.0;0.0;0.0
56;64;2021-10-26;53607;53237;1478;55073.0;97.3;96.7;2.7
56;69;2021-10-26;53307;53072;2107;54410.0;98.0;97.5;3.9
56;74;2021-10-26;53552;53227;3107;49802.0;99.0;99.0;6.2
56;79;2021-10-26;30566;30360;8192;28672.0;99.0;99.0;28.6
56;80;2021-10-26;53380;52358;15660;57856.0;92.3;90.5;27.1
57;04;2021-10-26;50;28;1;52229.0;0.1;0.1;0.0
57;11;2021-10-26;313;284;0;24087.0;1.3;1.2;0.0
57;17;2021-10-26;54294;51150;19;71097.0;76.4;71.9;0.0
57;24;2021-10-26;69658;66873;122;76564.0;91.0;87.3;0.2
57;29;2021-10-26;46484;44765;133;57735.0;80.5;77.5;0.2
57;39;2021-10-26;104229;100783;499;132378.0;78.7;76.1;0.4
57;49;2021-10-26;110565;107953;820;131505.0;84.1;82.1;0.6
57;59;2021-10-26;126965;125034;2530;147461.0;86.1;84.8;1.7
57;09;2021-10-26;14;1;0;59116.0;0.0;0.0;0.0
57;64;2021-10-26;61434;60845;2395;71227.0;86.3;85.4;3.4
57;69;2021-10-26;56864;56201;5118;64651.0;88.0;86.9;7.9
57;74;2021-10-26;51024;50333;7203;50986.0;99.0;98.7;14.1
57;79;2021-10-26;31297;31008;10216;34126.0;91.7;90.9;29.9
57;80;2021-10-26;54709;53591;19681;62704.0;87.2;85.5;31.4
58;04;2021-10-26;4;2;0;7980.0;0.1;0.0;0.0
58;11;2021-10-26;41;36;0;4033.0;1.0;0.9;0.0
58;17;2021-10-26;11493;10833;2;12790.0;89.9;84.7;0.0
58;24;2021-10-26;11284;11004;16;11645.0;96.9;94.5;0.1
58;29;2021-10-26;6987;6789;16;7782.0;89.8;87.2;0.2
58;39;2021-10-26;16096;15861;73;18995.0;84.7;83.5;0.4
58;49;2021-10-26;19617;19469;121;22646.0;86.6;86.0;0.5
58;59;2021-10-26;25567;25333;734;27780.0;92.0;91.2;2.6
58;09;2021-10-26;1;0;0;9450.0;0.0;0.0;0.0
58;64;2021-10-26;15127;14948;631;15906.0;95.1;94.0;4.0
58;69;2021-10-26;15969;15799;1057;16731.0;95.4;94.4;6.3
58;74;2021-10-26;16369;16248;1510;15108.0;99.0;99.0;10.0
58;79;2021-10-26;10078;9937;3415;9264.0;99.0;99.0;36.9
58;80;2021-10-26;18204;17783;6689;19486.0;93.4;91.3;34.3
59;04;2021-10-26;88;37;1;153673.0;0.1;0.0;0.0
59;11;2021-10-26;579;511;2;68748.0;0.8;0.7;0.0
59;17;2021-10-26;164044;156343;95;206385.0;79.5;75.8;0.0
59;24;2021-10-26;219622;211124;459;248677.0;88.3;84.9;0.2
59;29;2021-10-26;136221;131838;452;155795.0;87.4;84.6;0.3
59;39;2021-10-26;291896;283920;1416;335101.0;87.1;84.7;0.4
59;49;2021-10-26;300385;294417;2164;326530.0;92.0;90.2;0.7
59;59;2021-10-26;300169;295800;7545;320261.0;93.7;92.4;2.4
59;09;2021-10-26;53;14;2;172144.0;0.0;0.0;0.0
59;64;2021-10-26;137051;135271;5795;148581.0;92.2;91.0;3.9
59;69;2021-10-26;126401;124675;10211;137139.0;92.2;90.9;7.4
59;74;2021-10-26;118828;117416;15952;119660.0;99.0;98.1;13.3
59;79;2021-10-26;64740;63985;21599;64728.0;99.0;98.9;33.4
59;80;2021-10-26;110971;108392;38054;131566.0;84.3;82.4;28.9
60;04;2021-10-26;43;15;0;48983.0;0.1;0.0;0.0
60;11;2021-10-26;143;124;0;23150.0;0.6;0.5;0.0
60;17;2021-10-26;45151;42793;12;66888.0;67.5;64.0;0.0
60;24;2021-10-26;53594;50401;44;62002.0;86.4;81.3;0.1
60;29;2021-10-26;32804;30940;64;44676.0;73.4;69.3;0.1
60;39;2021-10-26;77995;74478;286;106081.0;73.5;70.2;0.3
60;49;2021-10-26;87271;84627;435;111306.0;78.4;76.0;0.4
60;59;2021-10-26;93464;92313;1568;110477.0;84.6;83.6;1.4
60;09;2021-10-26;15;3;0;56022.0;0.0;0.0;0.0
60;64;2021-10-26;42460;42021;1295;49312.0;86.1;85.2;2.6
60;69;2021-10-26;39546;39131;2689;46165.0;85.7;84.8;5.8
60;74;2021-10-26;37669;37258;4149;38888.0;96.9;95.8;10.7
60;79;2021-10-26;21583;21394;5899;21958.0;98.3;97.4;26.9
60;80;2021-10-26;34030;33314;10699;39169.0;86.9;85.1;27.3
61;04;2021-10-26;10;6;0;12269.0;0.1;0.0;0.0
61;11;2021-10-26;68;58;1;6511.0;1.0;0.9;0.0
61;17;2021-10-26;18118;16888;4;19890.0;91.1;84.9;0.0
61;24;2021-10-26;19241;18703;11;18051.0;99.0;99.0;0.1
61;29;2021-10-26;11046;10716;13;11845.0;93.3;90.5;0.1
61;39;2021-10-26;25276;24601;93;27860.0;90.7;88.3;0.3
61;49;2021-10-26;30059;29597;174;32672.0;92.0;90.6;0.5
61;59;2021-10-26;36304;35985;677;38069.0;95.4;94.5;1.8
61;09;2021-10-26;8;1;0;15185.0;0.1;0.0;0.0
61;64;2021-10-26;19731;19564;548;20092.0;98.2;97.4;2.7
61;69;2021-10-26;19614;19431;948;20194.0;97.1;96.2;4.7
61;74;2021-10-26;19718;19445;1545;18393.0;99.0;99.0;8.4
61;79;2021-10-26;12162;11836;3273;11048.0;99.0;99.0;29.6
61;80;2021-10-26;23275;22537;7501;24824.0;93.8;90.8;30.2
62;04;2021-10-26;52;20;0;79806.0;0.1;0.0;0.0
62;11;2021-10-26;345;300;0;39314.0;0.9;0.8;0.0
62;17;2021-10-26;103992;100265;32;116038.0;89.6;86.4;0.0
62;24;2021-10-26;111612;109099;117;115190.0;96.9;94.7;0.1
62;29;2021-10-26;66133;64348;153;76661.0;86.3;83.9;0.2
62;39;2021-10-26;155504;152353;575;181223.0;85.8;84.1;0.3
62;49;2021-10-26;166747;165026;1022;185396.0;89.9;89.0;0.6
62;59;2021-10-26;173874;172690;4212;188804.0;92.1;91.5;2.2
62;09;2021-10-26;29;9;0;95271.0;0.0;0.0;0.0
62;64;2021-10-26;84479;83767;3734;92654.0;91.2;90.4;4.0
62;69;2021-10-26;80694;79998;7311;88487.0;91.2;90.4;8.3
62;74;2021-10-26;75529;74744;10075;74647.0;99.0;99.0;13.5
62;79;2021-10-26;39779;39187;11898;39304.0;99.0;99.0;30.3
62;80;2021-10-26;68975;66976;20981;79983.0;86.2;83.7;26.2
63;04;2021-10-26;25;14;0;32258.0;0.1;0.0;0.0
63;11;2021-10-26;133;118;0;14867.0;0.9;0.8;0.0
63;17;2021-10-26;37400;35307;7;46773.0;80.0;75.5;0.0
63;24;2021-10-26;49966;48540;54;57859.0;86.4;83.9;0.1
63;29;2021-10-26;30343;29452;80;34784.0;87.2;84.7;0.2
63;39;2021-10-26;64967;63631;202;77930.0;83.4;81.7;0.3
63;49;2021-10-26;71973;71340;383;83111.0;86.6;85.8;0.5
63;59;2021-10-26;77507;76745;1697;86381.0;89.7;88.8;2.0
63;09;2021-10-26;10;2;0;36231.0;0.0;0.0;0.0
63;64;2021-10-26;37693;37350;1176;42614.0;88.5;87.6;2.8
63;69;2021-10-26;36477;36202;1985;41854.0;87.2;86.5;4.7
63;74;2021-10-26;36546;36256;3033;37974.0;96.2;95.5;8.0
63;79;2021-10-26;22414;22463;6552;23482.0;95.5;95.7;27.9
63;80;2021-10-26;37015;36534;11906;44122.0;83.9;82.8;27.0
64;04;2021-10-26;50;27;0;31084.0;0.2;0.1;0.0
64;11;2021-10-26;222;185;1;15499.0;1.4;1.2;0.0
64;17;2021-10-26;41989;40500;11;46826.0;89.7;86.5;0.0
64;24;2021-10-26;48856;48391;72;47008.0;99.0;99.0;0.2
64;29;2021-10-26;30347;29931;82;31664.0;95.8;94.5;0.3
64;39;2021-10-26;70040;69443;248;78556.0;89.2;88.4;0.3
64;49;2021-10-26;80913;80530;404;87908.0;92.0;91.6;0.5
64;59;2021-10-26;91906;91283;1512;94942.0;96.8;96.1;1.6
64;09;2021-10-26;19;4;0;36218.0;0.1;0.0;0.0
64;64;2021-10-26;45060;44906;1119;45492.0;99.0;98.7;2.5
64;69;2021-10-26;44173;44014;2148;44637.0;99.0;98.6;4.8
64;74;2021-10-26;43331;43113;3729;40739.0;99.0;99.0;9.2
64;79;2021-10-26;29027;28733;8418;27526.0;99.0;99.0;30.6
64;80;2021-10-26;50355;49377;16291;55070.0;91.4;89.7;29.6
65;04;2021-10-26;17;8;0;9175.0;0.2;0.1;0.0
65;11;2021-10-26;57;50;0;4592.0;1.2;1.1;0.0
65;17;2021-10-26;12976;12109;4;14905.0;87.1;81.2;0.0
65;24;2021-10-26;15536;14798;20;15160.0;99.0;97.6;0.1
65;29;2021-10-26;8938;8497;15;9487.0;94.2;89.6;0.2
65;39;2021-10-26;21118;20379;49;22948.0;92.0;88.8;0.2
65;49;2021-10-26;26312;25650;98;26998.0;97.5;95.0;0.4
65;59;2021-10-26;32177;31740;471;32331.0;99.0;98.2;1.5
65;09;2021-10-26;5;1;0;10945.0;0.0;0.0;0.0
65;64;2021-10-26;16567;16370;482;17205.0;96.3;95.1;2.8
65;69;2021-10-26;16727;16508;1064;17101.0;97.8;96.5;6.2
65;74;2021-10-26;16671;16459;1689;15217.0;99.0;99.0;11.1
65;79;2021-10-26;10616;10422;2937;10138.0;99.0;99.0;29.0
65;80;2021-10-26;19050;18502;5441;20637.0;92.3;89.7;26.4
66;04;2021-10-26;23;13;0;22439.0;0.1;0.1;0.0
66;11;2021-10-26;131;119;0;10907.0;1.2;1.1;0.0
66;17;2021-10-26;26362;24968;5;32183.0;81.9;77.6;0.0
66;24;2021-10-26;30631;30027;51;31663.0;96.7;94.8;0.2
66;29;2021-10-26;18316;17772;59;21408.0;85.6;83.0;0.3
66;39;2021-10-26;42872;42237;172;51091.0;83.9;82.7;0.3
66;49;2021-10-26;52477;51965;345;57577.0;91.1;90.3;0.6
66;59;2021-10-26;60954;60584;1128;63924.0;95.4;94.8;1.8
66;09;2021-10-26;12;3;0;26444.0;0.0;0.0;0.0
66;64;2021-10-26;32034;32065;840;32657.0;98.1;98.2;2.6
66;69;2021-10-26;32937;33067;1632;33729.0;97.7;98.0;4.8
66;74;2021-10-26;34111;34124;2971;33285.0;99.0;99.0;8.9
66;79;2021-10-26;22507;22293;6496;22201.0;99.0;99.0;29.3
66;80;2021-10-26;34140;33547;9967;39492.0;86.4;84.9;25.2
67;04;2021-10-26;63;36;3;58954.0;0.1;0.1;0.0
67;11;2021-10-26;278;258;0;26200.0;1.1;1.0;0.0
67;17;2021-10-26;61969;59217;20;78708.0;78.7;75.2;0.0
67;24;2021-10-26;87794;85929;139;103470.0;84.8;83.0;0.1
67;29;2021-10-26;59406;58282;185;68258.0;87.0;85.4;0.3
67;39;2021-10-26;122640;120518;530;143902.0;85.2;83.8;0.4
67;49;2021-10-26;128326;126673;710;144948.0;88.5;87.4;0.5
67;59;2021-10-26;143563;141972;2663;155713.0;92.2;91.2;1.7
67;09;2021-10-26;26;9;0;64003.0;0.0;0.0;0.0
67;64;2021-10-26;66440;65860;1967;71470.0;93.0;92.2;2.8
67;69;2021-10-26;60680;60179;3301;65531.0;92.6;91.8;5.0
67;74;2021-10-26;53849;53383;4572;51149.0;99.0;99.0;8.9
67;79;2021-10-26;33734;33359;8323;36563.0;92.3;91.2;22.8
67;80;2021-10-26;56322;55289;16292;63738.0;88.4;86.7;25.6
68;04;2021-10-26;17;5;0;40363.0;0.0;0.0;0.0
68;11;2021-10-26;217;192;1;18718.0;1.2;1.0;0.0
68;17;2021-10-26;37046;35059;14;54806.0;67.6;64.0;0.0
68;24;2021-10-26;46362;44494;51;53910.0;86.0;82.5;0.1
68;29;2021-10-26;30175;28873;46;40567.0;74.4;71.2;0.1
68;39;2021-10-26;69941;67725;176;94190.0;74.3;71.9;0.2
68;49;2021-10-26;80412;78705;316;100879.0;79.7;78.0;0.3
68;59;2021-10-26;92806;91552;1191;108273.0;85.7;84.6;1.1
68;09;2021-10-26;15;1;0;45549.0;0.0;0.0;0.0
68;64;2021-10-26;43813;43268;1142;50002.0;87.6;86.5;2.3
68;69;2021-10-26;41395;40974;2258;46609.0;88.8;87.9;4.8
68;74;2021-10-26;36976;36565;3406;37574.0;98.4;97.3;9.1
68;79;2021-10-26;24029;23753;5262;26401.0;91.0;90.0;19.9
68;80;2021-10-26;39713;38910;10751;45363.0;87.5;85.8;23.7
69;04;2021-10-26;109;65;1;117240.0;0.1;0.1;0.0
69;11;2021-10-26;532;493;0;46948.0;1.1;1.1;0.0
69;17;2021-10-26;105943;102787;76;139571.0;75.9;73.6;0.1
69;24;2021-10-26;169638;166016;360;193707.0;87.6;85.7;0.2
69;29;2021-10-26;128870;127379;427;128544.0;99.0;99.0;0.3
69;39;2021-10-26;250105;247678;971;255779.0;97.8;96.8;0.4
69;49;2021-10-26;227232;225851;1411;235508.0;96.5;95.9;0.6
69;59;2021-10-26;219370;216987;4384;220390.0;99.0;98.5;2.0
69;09;2021-10-26;67;43;0;119514.0;0.1;0.0;0.0
69;64;2021-10-26;88380;87494;2712;92849.0;95.2;94.2;2.9
69;69;2021-10-26;77485;76660;4268;86477.0;89.6;88.6;4.9
69;74;2021-10-26;78155;77350;7309;80551.0;97.0;96.0;9.1
69;79;2021-10-26;56442;55891;16655;56229.0;99.0;99.0;29.6
69;80;2021-10-26;90902;89124;28558;102744.0;88.5;86.7;27.8
70;04;2021-10-26;8;4;0;10911.0;0.1;0.0;0.0
70;11;2021-10-26;53;47;0;5605.0;0.9;0.8;0.0
70;17;2021-10-26;14796;13936;4;17545.0;84.3;79.4;0.0
70;24;2021-10-26;14382;13737;10;14595.0;98.5;94.1;0.1
70;29;2021-10-26;8383;7995;20;9950.0;84.3;80.4;0.2
70;39;2021-10-26;19734;18981;54;25822.0;76.4;73.5;0.2
70;49;2021-10-26;24445;23818;140;29753.0;82.2;80.1;0.5
70;59;2021-10-26;28486;28149;505;33090.0;86.1;85.1;1.5
70;09;2021-10-26;6;2;0;13309.0;0.0;0.0;0.0
70;64;2021-10-26;14578;14453;387;16609.0;87.8;87.0;2.3
70;69;2021-10-26;14495;14340;738;16317.0;88.8;87.9;4.5
70;74;2021-10-26;14508;14425;1280;14717.0;98.6;98.0;8.7
70;79;2021-10-26;8584;8454;2468;8819.0;97.3;95.9;28.0
70;80;2021-10-26;14069;13659;4366;16152.0;87.1;84.6;27.0
71;04;2021-10-26;17;5;0;25011.0;0.1;0.0;0.0
71;11;2021-10-26;161;142;0;12680.0;1.3;1.1;0.0
71;17;2021-10-26;33944;32489;7;38040.0;89.2;85.4;0.0
71;24;2021-10-26;33913;33993;41;33329.0;99.0;99.0;0.1
71;29;2021-10-26;20012;19903;76;23851.0;83.9;83.4;0.3
71;39;2021-10-26;49255;49065;178;58219.0;84.6;84.3;0.3
71;49;2021-10-26;57938;58118;375;65377.0;88.6;88.9;0.6
71;59;2021-10-26;70410;70225;1624;76338.0;92.2;92.0;2.1
71;09;2021-10-26;8;2;0;30465.0;0.0;0.0;0.0
71;64;2021-10-26;36573;36435;1301;38652.0;94.6;94.3;3.4
71;69;2021-10-26;37596;37399;2302;39372.0;95.5;95.0;5.8
71;74;2021-10-26;37386;37104;3524;36506.0;99.0;99.0;9.7
71;79;2021-10-26;23792;23372;7218;23611.0;99.0;99.0;30.6
71;80;2021-10-26;41646;40547;13706;46373.0;89.8;87.4;29.6
72;04;2021-10-26;24;7;0;28994.0;0.1;0.0;0.0
72;11;2021-10-26;103;84;0;14437.0;0.7;0.6;0.0
72;17;2021-10-26;38210;36283;8;43686.0;87.5;83.1;0.0
72;24;2021-10-26;41147;39237;36;42293.0;97.3;92.8;0.1
72;29;2021-10-26;24139;23098;43;26871.0;89.8;86.0;0.2
72;39;2021-10-26;53218;51541;142;61693.0;86.3;83.5;0.2
72;49;2021-10-26;61855;60515;255;69750.0;88.7;86.8;0.4
72;59;2021-10-26;67173;66364;1351;73282.0;91.7;90.6;1.8
72;09;2021-10-26;7;0;0;34608.0;0.0;0.0;0.0
72;64;2021-10-26;32090;31842;1019;36635.0;87.6;86.9;2.8
72;69;2021-10-26;31107;30943;1636;35483.0;87.7;87.2;4.6
72;74;2021-10-26;29534;29365;2562;31469.0;93.9;93.3;8.1
72;79;2021-10-26;18180;18176;5165;19674.0;92.4;92.4;26.3
72;80;2021-10-26;35208;34653;10634;41352.0;85.1;83.8;25.7
73;04;2021-10-26;19;12;0;22025.0;0.1;0.1;0.0
73;11;2021-10-26;40;34;0;10258.0;0.4;0.3;0.0
73;17;2021-10-26;26103;24672;13;30899.0;84.5;79.8;0.0
73;24;2021-10-26;30106;29496;32;32141.0;93.7;91.8;0.1
73;29;2021-10-26;19605;19181;53;21474.0;91.3;89.3;0.2
73;39;2021-10-26;44380;43743;157;52325.0;84.8;83.6;0.3
73;49;2021-10-26;48461;48231;230;57492.0;84.3;83.9;0.4
73;59;2021-10-26;53955;53269;717;59925.0;90.0;88.9;1.2
73;09;2021-10-26;10;4;0;25237.0;0.0;0.0;0.0
73;64;2021-10-26;24587;24339;563;27935.0;88.0;87.1;2.0
73;69;2021-10-26;23241;22970;994;25927.0;89.6;88.6;3.8
73;74;2021-10-26;22128;21925;1816;22860.0;96.8;95.9;7.9
73;79;2021-10-26;16028;15678;4819;15657.0;99.0;99.0;30.8
73;80;2021-10-26;24647;23918;8476;28393.0;86.8;84.2;29.9
74;04;2021-10-26;65;42;0;50236.0;0.1;0.1;0.0
74;11;2021-10-26;242;218;0;21745.0;1.1;1.0;0.0
74;17;2021-10-26;48405;46057;30;60852.0;79.5;75.7;0.0
74;24;2021-10-26;57276;55911;94;54544.0;99.0;99.0;0.2
74;29;2021-10-26;43928;42764;146;50048.0;87.8;85.4;0.3
74;39;2021-10-26;98493;96162;328;121243.0;81.2;79.3;0.3
74;49;2021-10-26;101077;99209;441;117006.0;86.4;84.8;0.4
74;59;2021-10-26;98088;96860;1245;110349.0;88.9;87.8;1.1
74;09;2021-10-26;23;10;0;54646.0;0.0;0.0;0.0
74;64;2021-10-26;40955;40299;863;44341.0;92.4;90.9;1.9
74;69;2021-10-26;36831;36355;1734;41045.0;89.7;88.6;4.2
74;74;2021-10-26;36614;36057;3288;37053.0;98.8;97.3;8.9
74;79;2021-10-26;25009;24672;6810;24722.0;99.0;99.0;27.5
74;80;2021-10-26;35414;34597;10710;40575.0;87.3;85.3;26.4
75;04;2021-10-26;424;266;6;104958.0;0.4;0.3;0.0
75;11;2021-10-26;500;440;1;38206.0;1.3;1.2;0.0
75;17;2021-10-26;95279;88521;203;118562.0;80.4;74.7;0.2
75;24;2021-10-26;242507;236457;1382;222205.0;99.0;99.0;0.6
75;29;2021-10-26;235548;235097;1662;215331.0;99.0;99.0;0.8
75;39;2021-10-26;366705;360666;2780;332595.0;99.0;99.0;0.8
75;49;2021-10-26;302577;295493;3002;277369.0;99.0;99.0;1.1
75;59;2021-10-26;308739;297792;6939;259307.0;99.0;99.0;2.7
75;09;2021-10-26;91;37;0;93620.0;0.1;0.0;0.0
75;64;2021-10-26;121123;117409;5006;110883.0;99.0;99.0;4.5
75;69;2021-10-26;94024;91132;9021;102872.0;91.4;88.6;8.8
75;74;2021-10-26;89559;86822;14756;98223.0;91.2;88.4;15.0
75;79;2021-10-26;59648;57952;21994;64896.0;91.9;89.3;33.9
75;80;2021-10-26;90723;87375;33273;109244.0;83.0;80.0;30.5
76;04;2021-10-26;33;21;0;68897.0;0.0;0.0;0.0
76;11;2021-10-26;207;180;0;31122.0;0.7;0.6;0.0
76;17;2021-10-26;84870;81552;31;93775.0;90.5;87.0;0.0
76;24;2021-10-26;103979;101758;213;106184.0;97.9;95.8;0.2
76;29;2021-10-26;65529;64120;300;69080.0;94.9;92.8;0.4
76;39;2021-10-26;143151;140734;851;152559.0;93.8;92.2;0.6
76;49;2021-10-26;146755;145116;1266;151379.0;96.9;95.9;0.8
76;59;2021-10-26;155991;154772;4268;159079.0;98.1;97.3;2.7
76;09;2021-10-26;19;11;0;76958.0;0.0;0.0;0.0
76;64;2021-10-26;74529;73836;2796;77692.0;95.9;95.0;3.6
76;69;2021-10-26;70829;70165;4085;75020.0;94.4;93.5;5.4
76;74;2021-10-26;68263;67513;6426;65404.0;99.0;99.0;9.8
76;79;2021-10-26;41143;40784;12685;39775.0;99.0;99.0;31.9
76;80;2021-10-26;69768;68378;23170;76864.0;90.8;89.0;30.1
77;04;2021-10-26;89;33;0;91756.0;0.1;0.0;0.0
77;11;2021-10-26;311;267;0;41595.0;0.7;0.6;0.0
77;17;2021-10-26;82606;76299;38;118899.0;69.5;64.2;0.0
77;24;2021-10-26;100234;93867;97;119700.0;83.7;78.4;0.1
77;29;2021-10-26;64385;60209;120;83196.0;77.4;72.4;0.1
77;39;2021-10-26;147057;140036;375;192425.0;76.4;72.8;0.2
77;49;2021-10-26;157452;152787;613;196727.0;80.0;77.7;0.3
77;59;2021-10-26;150510;148539;2261;185341.0;81.2;80.1;1.2
77;09;2021-10-26;58;14;2;102206.0;0.1;0.0;0.0
77;64;2021-10-26;60183;59590;1719;76699.0;78.5;77.7;2.2
77;69;2021-10-26;52612;52047;3137;66623.0;79.0;78.1;4.7
77;74;2021-10-26;50102;49478;5497;56446.0;88.8;87.7;9.7
77;79;2021-10-26;31738;31389;9837;34428.0;92.2;91.2;28.6
77;80;2021-10-26;48988;47831;17023;57566.0;85.1;83.1;29.6
78;04;2021-10-26;52;27;0;90846.0;0.1;0.0;0.0
78;11;2021-10-26;187;163;0;40259.0;0.5;0.4;0.0
78;17;2021-10-26;72355;69583;56;119154.0;60.7;58.4;0.0
78;24;2021-10-26;88232;84917;169;114179.0;77.3;74.4;0.1
78;29;2021-10-26;59306;56958;175;79205.0;74.9;71.9;0.2
78;39;2021-10-26;134114;130407;448;184091.0;72.9;70.8;0.2
78;49;2021-10-26;153188;151084;748;202141.0;75.8;74.7;0.4
78;59;2021-10-26;150663;149517;2890;192045.0;78.5;77.9;1.5
78;09;2021-10-26;24;2;0;99774.0;0.0;0.0;0.0
78;64;2021-10-26;64841;63591;1873;78301.0;82.8;81.2;2.4
78;69;2021-10-26;53065;52060;3803;68519.0;77.4;76.0;5.6
78;74;2021-10-26;51727;50916;7200;62672.0;82.5;81.2;11.5
78;79;2021-10-26;32466;31949;13100;42980.0;75.5;74.3;30.5
78;80;2021-10-26;55917;54612;22835;74459.0;75.1;73.3;30.7
79;04;2021-10-26;13;6;0;17785.0;0.1;0.0;0.0
79;11;2021-10-26;76;68;0;9640.0;0.8;0.7;0.0
79;17;2021-10-26;26324;25463;2;28163.0;93.5;90.4;0.0
79;24;2021-10-26;25025;24608;23;23587.0;99.0;99.0;0.1
79;29;2021-10-26;14635;14391;26;16506.0;88.7;87.2;0.2
79;39;2021-10-26;35502;35126;97;41182.0;86.2;85.3;0.2
79;49;2021-10-26;43085;42963;245;47239.0;91.2;90.9;0.5
79;59;2021-10-26;46800;46611;1082;51600.0;90.7;90.3;2.1
79;09;2021-10-26;7;1;0;21847.0;0.0;0.0;0.0
79;64;2021-10-26;22996;22864;723;25727.0;89.4;88.9;2.8
79;69;2021-10-26;22220;22069;1024;24538.0;90.6;89.9;4.2
79;74;2021-10-26;22463;22256;1506;21802.0;99.0;99.0;6.9
79;79;2021-10-26;13744;13658;3628;13843.0;99.0;98.7;26.2
79;80;2021-10-26;26396;25907;8227;29168.0;90.5;88.8;28.2
80;04;2021-10-26;18;6;0;29286.0;0.1;0.0;0.0
80;11;2021-10-26;103;81;0;13838.0;0.7;0.6;0.0
80;17;2021-10-26;37394;35095;8;44095.0;84.8;79.6;0.0
80;24;2021-10-26;46354;44557;67;53274.0;87.0;83.6;0.1
80;29;2021-10-26;27343;26364;92;30964.0;88.3;85.1;0.3
80;39;2021-10-26;58640;57023;258;67453.0;86.9;84.5;0.4
80;49;2021-10-26;64592;63395;464;71182.0;90.7;89.1;0.7
80;59;2021-10-26;69574;68745;1832;73570.0;94.6;93.4;2.5
80;09;2021-10-26;9;1;0;34254.0;0.0;0.0;0.0
80;64;2021-10-26;32961;32682;1375;35831.0;92.0;91.2;3.8
80;69;2021-10-26;31712;31410;2213;34903.0;90.9;90.0;6.3
80;74;2021-10-26;30277;29942;3375;30000.0;99.0;99.0;11.2
80;79;2021-10-26;17823;17620;5671;17445.0;99.0;99.0;32.5
80;80;2021-10-26;28915;28228;10083;33674.0;85.9;83.8;29.9
81;04;2021-10-26;6;2;0;17508.0;0.0;0.0;0.0
81;11;2021-10-26;54;44;0;9398.0;0.6;0.5;0.0
81;17;2021-10-26;21417;20137;9;27718.0;77.3;72.6;0.0
81;24;2021-10-26;24798;23738;22;25382.0;97.7;93.5;0.1
81;29;2021-10-26;14076;13442;46;16270.0;86.5;82.6;0.3
81;39;2021-10-26;33314;32262;120;41434.0;80.4;77.9;0.3
81;49;2021-10-26;42078;41120;227;48581.0;86.6;84.6;0.5
81;59;2021-10-26;47590;47125;869;53768.0;88.5;87.6;1.6
81;09;2021-10-26;4;1;0;21674.0;0.0;0.0;0.0
81;64;2021-10-26;23576;23417;638;26784.0;88.0;87.4;2.4
81;69;2021-10-26;24170;23987;1136;26379.0;91.6;90.9;4.3
81;74;2021-10-26;23888;23765;1883;24116.0;99.0;98.5;7.8
81;79;2021-10-26;15539;15381;3954;15421.0;99.0;99.0;25.6
81;80;2021-10-26;29310;28578;8431;33465.0;87.6;85.4;25.2
82;04;2021-10-26;10;7;0;13660.0;0.1;0.1;0.0
82;11;2021-10-26;62;57;0;7130.0;0.9;0.8;0.0
82;17;2021-10-26;13744;13314;11;20730.0;66.3;64.2;0.1
82;24;2021-10-26;14772;14226;23;16792.0;88.0;84.7;0.1
82;29;2021-10-26;8949;8643;23;11727.0;76.3;73.7;0.2
82;39;2021-10-26;23195;22506;75;30052.0;77.2;74.9;0.2
82;49;2021-10-26;30394;29568;157;35032.0;86.8;84.4;0.4
82;59;2021-10-26;33137;32688;611;35322.0;93.8;92.5;1.7
82;09;2021-10-26;2;0;0;16491.0;0.0;0.0;0.0
82;64;2021-10-26;15532;15440;448;16858.0;92.1;91.6;2.7
82;69;2021-10-26;15740;15576;735;16693.0;94.3;93.3;4.4
82;74;2021-10-26;15287;15077;1236;14495.0;99.0;99.0;8.5
82;79;2021-10-26;10159;10024;2750;9336.0;99.0;99.0;29.5
82;80;2021-10-26;16992;16548;5093;18300.0;92.9;90.4;27.8
83;04;2021-10-26;54;31;1;50696.0;0.1;0.1;0.0
83;11;2021-10-26;185;155;0;23642.0;0.8;0.7;0.0
83;17;2021-10-26;47085;45732;19;69695.0;67.6;65.6;0.0
83;24;2021-10-26;61189;60209;74;69501.0;88.0;86.6;0.1
83;29;2021-10-26;38944;37591;110;48220.0;80.8;78.0;0.2
83;39;2021-10-26;89527;87503;365;120276.0;74.4;72.8;0.3
83;49;2021-10-26;105623;104337;715;131324.0;80.4;79.5;0.5
83;59;2021-10-26;128003;126798;2108;145518.0;88.0;87.1;1.4
83;09;2021-10-26;18;5;0;57547.0;0.0;0.0;0.0
83;64;2021-10-26;64911;64834;1806;72726.0;89.3;89.1;2.5
83;69;2021-10-26;66281;66458;3703;73312.0;90.4;90.7;5.1
83;74;2021-10-26;69583;69527;6389;72201.0;96.4;96.3;8.8
83;79;2021-10-26;50576;50129;12479;53309.0;94.9;94.0;23.4
83;80;2021-10-26;74422;72990;18452;85869.0;86.7;85.0;21.5
84;04;2021-10-26;51;30;1;29982.0;0.2;0.1;0.0
84;11;2021-10-26;143;119;1;14320.0;1.0;0.8;0.0
84;17;2021-10-26;28697;27286;17;41523.0;69.1;65.7;0.0
84;24;2021-10-26;34689;33642;43;39477.0;87.9;85.2;0.1
84;29;2021-10-26;21769;21162;52;27578.0;78.9;76.7;0.2
84;39;2021-10-26;52542;51464;153;63922.0;82.2;80.5;0.2
84;49;2021-10-26;61925;61206;310;70030.0;88.4;87.4;0.4
84;59;2021-10-26;71262;70340;1153;77217.0;92.3;91.1;1.5
84;09;2021-10-26;17;2;0;34016.0;0.0;0.0;0.0
84;64;2021-10-26;33851;33467;970;36344.0;93.1;92.1;2.7
84;69;2021-10-26;32195;31821;1700;35290.0;91.2;90.2;4.8
84;74;2021-10-26;31584;31207;2591;31933.0;98.9;97.7;8.1
84;79;2021-10-26;22867;22635;6134;21947.0;99.0;99.0;27.9
84;80;2021-10-26;33076;32300;9206;37418.0;88.4;86.3;24.6
85;04;2021-10-26;19;7;0;31989.0;0.1;0.0;0.0
85;11;2021-10-26;146;130;0;17488.0;0.8;0.7;0.0
85;17;2021-10-26;49398;48193;8;51584.0;95.8;93.4;0.0
85;24;2021-10-26;48186;48049;44;41969.0;99.0;99.0;0.1
85;29;2021-10-26;27413;26962;57;29084.0;94.3;92.7;0.2
85;39;2021-10-26;66770;66328;211;75720.0;88.2;87.6;0.3
85;49;2021-10-26;81224;80759;419;86574.0;93.8;93.3;0.5
85;59;2021-10-26;85007;84696;1767;89803.0;94.7;94.3;2.0
85;09;2021-10-26;9;1;0;40008.0;0.0;0.0;0.0
85;64;2021-10-26;45844;45990;1236;47935.0;95.6;95.9;2.6
85;69;2021-10-26;48686;48817;1792;49126.0;99.0;99.0;3.6
85;74;2021-10-26;49196;49222;2802;45117.0;99.0;99.0;6.2
85;79;2021-10-26;28271;28133;7273;26284.0;99.0;99.0;27.7
85;80;2021-10-26;48113;47302;15620;50506.0;95.3;93.7;30.9
86;04;2021-10-26;19;12;0;20954.0;0.1;0.1;0.0
86;11;2021-10-26;72;60;0;10342.0;0.7;0.6;0.0
86;17;2021-10-26;26135;24986;5;32563.0;80.3;76.7;0.0
86;24;2021-10-26;34403;33099;40;42794.0;80.4;77.3;0.1
86;29;2021-10-26;19561;18781;75;21569.0;90.7;87.1;0.3
86;39;2021-10-26;42200;41119;185;48717.0;86.6;84.4;0.4
86;49;2021-10-26;48034;47159;324;52927.0;90.8;89.1;0.6
86;59;2021-10-26;52819;52139;1311;55357.0;95.4;94.2;2.4
86;09;2021-10-26;8;1;0;24599.0;0.0;0.0;0.0
86;64;2021-10-26;26563;26304;958;28304.0;93.8;92.9;3.4
86;69;2021-10-26;26268;26040;1357;27405.0;95.9;95.0;5.0
86;74;2021-10-26;24819;24636;2080;23771.0;99.0;99.0;8.8
86;79;2021-10-26;16060;15908;4940;15115.0;99.0;99.0;32.7
86;80;2021-10-26;29672;29048;10132;32981.0;90.0;88.1;30.7
87;04;2021-10-26;27;10;0;16882.0;0.2;0.1;0.0
87;11;2021-10-26;84;69;0;8204.0;1.0;0.8;0.0
87;17;2021-10-26;21039;19921;0;24978.0;84.2;79.8;0.0
87;24;2021-10-26;26074;25428;34;30878.0;84.4;82.3;0.1
87;29;2021-10-26;15537;15096;52;17124.0;90.7;88.2;0.3
87;39;2021-10-26;34277;33604;167;39312.0;87.2;85.5;0.4
87;49;2021-10-26;40140;39722;299;44763.0;89.7;88.7;0.7
87;59;2021-10-26;46303;45864;1318;49746.0;93.1;92.2;2.6
87;09;2021-10-26;15;1;0;19243.0;0.1;0.0;0.0
87;64;2021-10-26;23688;23433;902;25026.0;94.7;93.6;3.6
87;69;2021-10-26;23853;23644;1390;25500.0;93.5;92.7;5.5
87;74;2021-10-26;23827;23575;2073;23660.0;99.0;99.0;8.8
87;79;2021-10-26;14670;14538;4155;14787.0;99.0;98.3;28.1
87;80;2021-10-26;26472;25947;8416;30671.0;86.3;84.6;27.4
88;04;2021-10-26;8;7;0;16128.0;0.0;0.0;0.0
88;11;2021-10-26;68;59;1;8337.0;0.8;0.7;0.0
88;17;2021-10-26;21988;21161;5;25662.0;85.7;82.5;0.0
88;24;2021-10-26;24588;23723;34;23721.0;99.0;99.0;0.1
88;29;2021-10-26;14278;13726;38;15975.0;89.4;85.9;0.2
88;39;2021-10-26;32827;31683;109;38540.0;85.2;82.2;0.3
88;49;2021-10-26;39441;38489;217;43251.0;91.2;89.0;0.5
88;59;2021-10-26;47435;46978;854;51489.0;92.1;91.2;1.7
88;09;2021-10-26;8;3;0;18953.0;0.0;0.0;0.0
88;64;2021-10-26;24566;24358;716;26457.0;92.9;92.1;2.7
88;69;2021-10-26;24524;24316;1435;25999.0;94.3;93.5;5.5
88;74;2021-10-26;24136;23940;2381;23464.0;99.0;99.0;10.1
88;79;2021-10-26;13310;13190;3896;13069.0;99.0;99.0;29.8
88;80;2021-10-26;24399;23961;8232;28475.0;85.7;84.1;28.9
89;04;2021-10-26;7;5;0;16094.0;0.0;0.0;0.0
89;11;2021-10-26;115;101;0;8299.0;1.4;1.2;0.0
89;17;2021-10-26;19102;18054;7;23927.0;79.8;75.5;0.0
89;24;2021-10-26;19269;18529;25;20050.0;96.1;92.4;0.1
89;29;2021-10-26;11858;11464;46;14639.0;81.0;78.3;0.3
89;39;2021-10-26;29055;28207;127;36906.0;78.7;76.4;0.3
89;49;2021-10-26;33553;32933;228;40908.0;82.0;80.5;0.6
89;59;2021-10-26;40311;39856;792;45251.0;89.1;88.1;1.8
89;09;2021-10-26;6;0;0;19051.0;0.0;0.0;0.0
89;64;2021-10-26;20958;20784;637;23463.0;89.3;88.6;2.7
89;69;2021-10-26;21450;21264;1231;24006.0;89.4;88.6;5.1
89;74;2021-10-26;21383;21210;1824;21497.0;99.0;98.7;8.5
89;79;2021-10-26;12616;12516;3550;12690.0;99.0;98.6;28.0
89;80;2021-10-26;22389;21873;7233;25315.0;88.4;86.4;28.6
90;04;2021-10-26;9;4;1;7363.0;0.1;0.1;0.0
90;11;2021-10-26;48;41;1;3397.0;1.4;1.2;0.0
90;17;2021-10-26;7851;7343;3;10624.0;73.9;69.1;0.0
90;24;2021-10-26;9567;9275;2;11142.0;85.9;83.2;0.0
90;29;2021-10-26;5537;5457;10;8158.0;67.9;66.9;0.1
90;39;2021-10-26;12511;12315;25;16796.0;74.5;73.3;0.1
90;49;2021-10-26;14415;14481;68;17954.0;80.3;80.7;0.4
90;59;2021-10-26;16983;16863;273;18412.0;92.2;91.6;1.5
90;09;2021-10-26;8;3;1;8239.0;0.1;0.0;0.0
90;64;2021-10-26;8069;7981;287;8988.0;89.8;88.8;3.2
90;69;2021-10-26;7646;7612;493;8307.0;92.0;91.6;5.9
90;74;2021-10-26;7682;7602;746;7344.0;99.0;99.0;10.2
90;79;2021-10-26;4480;4415;1342;4601.0;97.4;96.0;29.2
90;80;2021-10-26;7765;7584;2641;8820.0;88.0;86.0;29.9
91;04;2021-10-26;87;42;0;89697.0;0.1;0.0;0.0
91;11;2021-10-26;330;289;1;37022.0;0.9;0.8;0.0
91;17;2021-10-26;71363;67823;40;106495.0;67.0;63.7;0.0
91;24;2021-10-26;91782;88056;146;117572.0;78.1;74.9;0.1
91;29;2021-10-26;61009;58830;134;81175.0;75.2;72.5;0.2
91;39;2021-10-26;134043;129916;383;174980.0;76.6;74.2;0.2
91;49;2021-10-26;144021;141710;585;179847.0;80.1;78.8;0.3
91;59;2021-10-26;141702;140172;2071;169548.0;83.6;82.7;1.2
91;09;2021-10-26;46;12;0;92270.0;0.0;0.0;0.0
91;64;2021-10-26;57077;56390;1640;68442.0;83.4;82.4;2.4
91;69;2021-10-26;46049;45339;2807;57526.0;80.0;78.8;4.9
91;74;2021-10-26;44766;44192;5089;50951.0;87.9;86.7;10.0
91;79;2021-10-26;30719;30625;10222;33960.0;90.5;90.2;30.1
91;80;2021-10-26;51451;50555;18254;59916.0;85.9;84.4;30.5
92;04;2021-10-26;143;74;2;101696.0;0.1;0.1;0.0
92;11;2021-10-26;293;259;0;39309.0;0.7;0.7;0.0
92;17;2021-10-26;81007;75102;91;114545.0;70.7;65.6;0.1
92;24;2021-10-26;125808;119695;491;139712.0;90.0;85.7;0.4
92;29;2021-10-26;106762;103914;514;114932.0;92.9;90.4;0.4
92;39;2021-10-26;208395;203719;1005;241384.0;86.3;84.4;0.4
92;49;2021-10-26;203440;199843;1265;227139.0;89.6;88.0;0.6
92;59;2021-10-26;180164;178246;3546;201643.0;89.3;88.4;1.8
92;09;2021-10-26;52;21;0;99977.0;0.1;0.0;0.0
92;64;2021-10-26;67334;66514;2451;79326.0;84.9;83.8;3.1
92;69;2021-10-26;52882;51923;4656;69102.0;76.5;75.1;6.7
92;74;2021-10-26;51068;50244;8142;62608.0;81.6;80.3;13.0
92;79;2021-10-26;33711;33467;13669;42778.0;78.8;78.2;32.0
92;80;2021-10-26;61564;60409;25302;79611.0;77.3;75.9;31.8
93;04;2021-10-26;218;107;1;130803.0;0.2;0.1;0.0
93;11;2021-10-26;550;488;1;47943.0;1.1;1.0;0.0
93;17;2021-10-26;82539;74422;45;135048.0;61.1;55.1;0.0
93;24;2021-10-26;152657;135573;188;149422.0;99.0;90.7;0.1
93;29;2021-10-26;134585;120032;258;116400.0;99.0;99.0;0.2
93;39;2021-10-26;272432;248528;580;256009.0;99.0;97.1;0.2
93;49;2021-10-26;241619;225807;760;231000.0;99.0;97.8;0.3
93;59;2021-10-26;198713;190430;2035;197192.0;99.0;96.6;1.0
93;09;2021-10-26;82;42;0;127706.0;0.1;0.0;0.0
93;64;2021-10-26;76412;73729;1637;78405.0;97.5;94.0;2.1
93;69;2021-10-26;59176;57200;2963;65255.0;90.7;87.7;4.5
93;74;2021-10-26;46945;45659;4398;51275.0;91.6;89.0;8.6
93;79;2021-10-26;30765;30059;6329;31866.0;96.5;94.3;19.9
93;80;2021-10-26;46039;44451;11654;51825.0;88.8;85.8;22.5
94;04;2021-10-26;97;43;1;92725.0;0.1;0.0;0.0
94;11;2021-10-26;305;269;2;35689.0;0.9;0.8;0.0
94;17;2021-10-26;69654;65803;54;103275.0;67.4;63.7;0.1
94;24;2021-10-26;114986;109718;202;128757.0;89.3;85.2;0.2
94;29;2021-10-26;95597;91911;262;96273.0;99.0;95.5;0.3
94;39;2021-10-26;189989;184384;598;201248.0;94.4;91.6;0.3
94;49;2021-10-26;178959;175628;858;189650.0;94.4;92.6;0.5
94;59;2021-10-26;168888;166826;2505;178549.0;94.6;93.4;1.4
94;09;2021-10-26;47;18;1;91757.0;0.1;0.0;0.0
94;64;2021-10-26;66713;65859;1975;73435.0;90.8;89.7;2.7
94;69;2021-10-26;53475;52850;4043;61325.0;87.2;86.2;6.6
94;74;2021-10-26;49143;48618;6619;53054.0;92.6;91.6;12.5
94;79;2021-10-26;30579;30339;9905;34793.0;87.9;87.2;28.5
94;80;2021-10-26;52508;51734;18281;65511.0;80.2;79.0;27.9
95;04;2021-10-26;103;50;0;91209.0;0.1;0.1;0.0
95;11;2021-10-26;236;194;0;35857.0;0.7;0.5;0.0
95;17;2021-10-26;70480;67072;37;103633.0;68.0;64.7;0.0
95;24;2021-10-26;98109;91736;146;107945.0;90.9;85.0;0.1
95;29;2021-10-26;71532;66352;183;76531.0;93.5;86.7;0.2
95;39;2021-10-26;159820;151512;428;175116.0;91.3;86.5;0.2
95;49;2021-10-26;158990;153860;653;167938.0;94.7;91.6;0.4
95;59;2021-10-26;145679;142655;2082;155011.0;94.0;92.0;1.3
95;09;2021-10-26;40;11;0;93856.0;0.0;0.0;0.0
95;64;2021-10-26;59902;58626;1569;65805.0;91.0;89.1;2.4
95;69;2021-10-26;48793;47844;2908;55323.0;88.2;86.5;5.3
95;74;2021-10-26;44816;43917;5136;45137.0;99.0;97.3;11.4
95;79;2021-10-26;27891;27427;7991;26895.0;99.0;99.0;29.7
95;80;2021-10-26;43683;42456;13960;48098.0;90.8;88.3;29.0
971;04;2021-10-26;17;8;0;18024.0;0.1;0.0;0.0
971;11;2021-10-26;46;32;0;9848.0;0.5;0.3;0.0
971;17;2021-10-26;6388;5633;0;31305.0;20.4;18.0;0.0
971;24;2021-10-26;8903;7443;15;27093.0;32.9;27.5;0.1
971;29;2021-10-26;5590;4909;41;16795.0;33.3;29.2;0.2
971;39;2021-10-26;14214;12715;83;37149.0;38.3;34.2;0.2
971;49;2021-10-26;19151;17596;118;48928.0;39.1;36.0;0.2
971;59;2021-10-26;25564;23663;271;60524.0;42.2;39.1;0.4
971;09;2021-10-26;6;2;0;22110.0;0.0;0.0;0.0
971;64;2021-10-26;12516;11669;290;27495.0;45.5;42.4;1.1
971;69;2021-10-26;12130;11364;638;23618.0;51.4;48.1;2.7
971;74;2021-10-26;10581;9863;656;19823.0;53.4;49.8;3.3
971;79;2021-10-26;7423;6899;661;13239.0;56.1;52.1;5.0
971;80;2021-10-26;7886;7097;668;20928.0;37.7;33.9;3.2
972;04;2021-10-26;12;0;0;15550.0;0.1;0.0;0.0
972;11;2021-10-26;48;37;0;8430.0;0.6;0.4;0.0
972;17;2021-10-26;6164;5259;1;26182.0;23.5;20.1;0.0
972;24;2021-10-26;8289;6819;17;24337.0;34.1;28.0;0.1
972;29;2021-10-26;5542;4807;48;15561.0;35.6;30.9;0.3
972;39;2021-10-26;14470;12906;90;34280.0;42.2;37.6;0.3
972;49;2021-10-26;17776;16233;127;42967.0;41.4;37.8;0.3
972;59;2021-10-26;25392;23321;364;62671.0;40.5;37.2;0.6
972;09;2021-10-26;2;1;0;18441.0;0.0;0.0;0.0
972;64;2021-10-26;13040;12125;321;28516.0;45.7;42.5;1.1
972;69;2021-10-26;12353;11619;595;24040.0;51.4;48.3;2.5
972;74;2021-10-26;10633;9995;722;19607.0;54.2;51.0;3.7
972;79;2021-10-26;7257;6836;702;13902.0;52.2;49.2;5.0
972;80;2021-10-26;8887;8176;825;24265.0;36.6;33.7;3.4
973;04;2021-10-26;35;15;0;32085.0;0.1;0.0;0.0
973;11;2021-10-26;27;21;0;12235.0;0.2;0.2;0.0
973;17;2021-10-26;6459;5150;0;35925.0;18.0;14.3;0.0
973;24;2021-10-26;9272;7394;3;30954.0;30.0;23.9;0.0
973;29;2021-10-26;7581;6418;16;19945.0;38.0;32.2;0.1
973;39;2021-10-26;16859;14520;66;39602.0;42.6;36.7;0.2
973;49;2021-10-26;16069;14095;70;34757.0;46.2;40.6;0.2
973;59;2021-10-26;14143;12598;159;27026.0;52.3;46.6;0.6
973;09;2021-10-26;16;7;0;29958.0;0.1;0.0;0.0
973;64;2021-10-26;5060;4557;134;10200.0;49.6;44.7;1.3
973;69;2021-10-26;3430;3100;195;7246.0;47.3;42.8;2.7
973;74;2021-10-26;2256;2049;144;4665.0;48.4;43.9;3.1
973;79;2021-10-26;1251;1159;115;2703.0;46.3;42.9;4.3
973;80;2021-10-26;1101;997;113;3390.0;32.5;29.4;3.3
974;04;2021-10-26;35;10;0;57908.0;0.1;0.0;0.0
974;11;2021-10-26;140;104;1;27281.0;0.5;0.4;0.0
974;17;2021-10-26;41636;36536;15;82143.0;50.7;44.5;0.0
974;24;2021-10-26;51607;47414;33;74456.0;69.3;63.7;0.0
974;29;2021-10-26;32397;30127;64;48787.0;66.4;61.8;0.1
974;39;2021-10-26;76156;72029;202;104568.0;72.8;68.9;0.2
974;49;2021-10-26;85293;82038;293;113615.0;75.1;72.2;0.3
974;59;2021-10-26;94855;92076;907;125597.0;75.5;73.3;0.7
974;09;2021-10-26;20;6;0;63783.0;0.0;0.0;0.0
974;64;2021-10-26;38753;37804;790;49376.0;78.5;76.6;1.6
974;69;2021-10-26;32400;31666;1483;40475.0;80.0;78.2;3.7
974;74;2021-10-26;22919;22362;1499;27194.0;84.3;82.2;5.5
974;79;2021-10-26;15147;14793;1679;19499.0;77.7;75.9;8.6
974;80;2021-10-26;17395;16778;2211;25277.0;68.8;66.4;8.7
976;04;2021-10-26;85;31;0;43940.0;0.2;0.1;0.0
976;11;2021-10-26;174;71;0;15296.0;1.1;0.5;0.0
976;17;2021-10-26;21900;12622;0;41197.0;53.2;30.6;0.0
976;24;2021-10-26;22661;15676;10;26827.0;84.5;58.4;0.0
976;29;2021-10-26;16294;12138;9;18625.0;87.5;65.2;0.0
976;39;2021-10-26;32154;25342;27;37697.0;85.3;67.2;0.1
976;49;2021-10-26;26244;22064;19;28132.0;93.3;78.4;0.1
976;59;2021-10-26;15311;13226;61;14768.0;99.0;89.6;0.4
976;09;2021-10-26;11;6;0;41023.0;0.0;0.0;0.0
976;64;2021-10-26;4615;4035;44;4594.0;99.0;87.8;1.0
976;69;2021-10-26;2847;2502;63;3152.0;90.3;79.4;2.0
976;74;2021-10-26;1644;1376;23;1775.0;92.6;77.5;1.3
976;79;2021-10-26;854;684;10;1259.0;67.8;54.3;0.8
976;80;2021-10-26;734;546;9;1186.0;61.9;46.0;0.8
977;04;2021-10-26;0;1;0;517.0;0.0;0.2;0.0
977;11;2021-10-26;2;1;0;183.0;1.1;0.5;0.0
977;17;2021-10-26;164;150;0;540.0;30.4;27.8;0.0
977;24;2021-10-26;620;556;3;757.0;81.9;73.4;0.4
977;29;2021-10-26;739;670;2;960.0;77.0;69.8;0.2
977;39;2021-10-26;1384;1282;5;1752.0;79.0;73.2;0.3
977;49;2021-10-26;1395;1299;10;1808.0;77.2;71.8;0.6
977;59;2021-10-26;1378;1330;29;1548.0;89.0;85.9;1.9
977;64;2021-10-26;413;401;11;433.0;95.4;92.6;2.5
977;69;2021-10-26;301;292;30;309.0;97.4;94.5;9.7
977;74;2021-10-26;185;181;30;251.0;73.7;72.1;12.0
977;79;2021-10-26;121;129;21;170.0;71.2;75.9;12.4
977;80;2021-10-26;105;95;11;216.0;48.6;44.0;5.1
978;04;2021-10-26;8;2;0;2722.2;0.3;0.1;0.0
978;11;2021-10-26;2;1;0;1223.3;0.2;0.1;0.0
978;17;2021-10-26;654;528;0;3969.8;16.5;13.3;0.0
978;24;2021-10-26;934;797;1;2459.1;38.0;32.4;0.0
978;29;2021-10-26;829;715;3;2086.3;39.7;34.3;0.1
978;39;2021-10-26;2154;1880;9;4598.4;46.8;40.9;0.2
978;49;2021-10-26;2376;2163;12;5612.0;42.3;38.5;0.2
978;59;2021-10-26;2872;2636;21;5042.5;57.0;52.3;0.4
978;09;2021-10-26;3;2;0;2990.8;0.1;0.1;0.0
978;64;2021-10-26;1128;1057;21;1727.8;65.3;61.2;1.2
978;69;2021-10-26;836;778;47;1332.2;62.8;58.4;3.5
978;74;2021-10-26;565;541;46;766.5;73.7;70.6;6.0
978;79;2021-10-26;338;320;31;386.4;87.5;82.8;8.0
978;80;2021-10-26;243;221;21;416.7;58.3;53.0;5.0
01;0;2021-10-26;416969;401453;20320;656955.0;63.5;61.1;3.1
02;0;2021-10-26;386755;377710;21448;526050.0;73.5;71.8;4.1
03;0;2021-10-26;282605;275187;20033;331315.0;85.3;83.1;6.0
04;0;2021-10-26;116222;112505;8437;165197.0;70.4;68.1;5.1
05;0;2021-10-26;110830;109171;6898;141756.0;78.2;77.0;4.9
06;0;2021-10-26;924641;883469;67078;1079396.0;85.7;81.8;6.2
07;0;2021-10-26;242930;236125;14452;326875.0;74.3;72.2;4.4
08;0;2021-10-26;208708;204191;12888;265531.0;78.6;76.9;4.9
09;0;2021-10-26;129738;126392;7402;152398.0;85.1;82.9;4.9
10;0;2021-10-26;235798;230894;13717;309907.0;76.1;74.5;4.4
11;0;2021-10-26;271277;268396;17002;372705.0;72.8;72.0;4.6
12;0;2021-10-26;217137;212762;14311;278360.0;78.0;76.4;5.1
13;0;2021-10-26;1444301;1400657;78441;2034469.0;71.0;68.8;3.9
14;0;2021-10-26;580411;568318;32912;691453.0;83.9;82.2;4.8
15;0;2021-10-26;119393;117355;7694;142811.0;83.6;82.2;5.4
16;0;2021-10-26;277814;274275;19480;348180.0;79.8;78.8;5.6
17;0;2021-10-26;554976;550570;39036;647080.0;85.8;85.1;6.0
18;0;2021-10-26;231752;225600;16342;296404.0;78.2;76.1;5.5
19;0;2021-10-26;193356;189938;12924;240336.0;80.5;79.0;5.4
21;0;2021-10-26;406106;395012;24386;532886.0;76.2;74.1;4.6
22;0;2021-10-26;514159;496237;33936;596186.0;86.2;83.2;5.7
23;0;2021-10-26;94957;91238;7475;116270.0;81.7;78.5;6.4
24;0;2021-10-26;316329;310218;18711;408393.0;77.5;76.0;4.6
25;0;2021-10-26;387642;378128;20930;539449.0;71.9;70.1;3.9
26;0;2021-10-26;408724;399325;21767;520560.0;78.5;76.7;4.2
27;0;2021-10-26;440799;429324;24717;600687.0;73.4;71.5;4.1
28;0;2021-10-26;324544;317216;18633;429425.0;75.6;73.9;4.3
29;0;2021-10-26;752823;745223;42772;906554.0;83.0;82.2;4.7
2A;0;2021-10-26;124739;121052;8812;162421.0;76.8;74.5;5.4
2B;0;2021-10-26;124612;121946;9557;182258.0;68.4;66.9;5.2
30;0;2021-10-26;549838;539636;33007;748468.0;73.5;72.1;4.4
31;0;2021-10-26;989804;974214;39906;1400935.0;70.7;69.5;2.8
32;0;2021-10-26;154688;146755;9477;190040.0;81.4;77.2;5.0
33;0;2021-10-26;1302632;1283597;64760;1633440.0;79.7;78.6;4.0
34;0;2021-10-26;899938;883355;51406;1176145.0;76.5;75.1;4.4
35;0;2021-10-26;849431;847451;39993;1082073.0;78.5;78.3;3.7
36;0;2021-10-26;173145;170398;12939;217139.0;79.7;78.5;6.0
37;0;2021-10-26;475681;469074;23507;605380.0;78.6;77.5;3.9
38;0;2021-10-26;916701;895635;44939;1264979.0;72.5;70.8;3.6
39;0;2021-10-26;201278;195746;12862;257849.0;78.1;75.9;5.0
40;0;2021-10-26;343630;340253;21674;411979.0;83.4;82.6;5.3
41;0;2021-10-26;252483;249502;15711;327835.0;77.0;76.1;4.8
42;0;2021-10-26;608319;590488;30972;764737.0;79.5;77.2;4.1
43;0;2021-10-26;170477;167328;12077;226901.0;75.1;73.7;5.3
44;0;2021-10-26;1122311;1119551;48385;1437137.0;78.1;77.9;3.4
45;0;2021-10-26;496314;486305;26925;682890.0;72.7;71.2;3.9
46;0;2021-10-26;149480;146877;9734;173166.0;86.3;84.8;5.6
47;0;2021-10-26;261291;254274;13272;330336.0;79.1;77.0;4.0
48;0;2021-10-26;53972;53556;4351;76286.0;70.7;70.2;5.7
49;0;2021-10-26;668552;650834;30021;815881.0;81.9;79.8;3.7
50;0;2021-10-26;417936;411938;24581;490669.0;85.2;84.0;5.0
51;0;2021-10-26;428529;421282;23029;563823.0;76.0;74.7;4.1
52;0;2021-10-26;130457;128284;6460;169250.0;77.1;75.8;3.8
53;0;2021-10-26;243903;238263;14847;305365.0;79.9;78.0;4.9
54;0;2021-10-26;540627;528958;32179;730398.0;74.0;72.4;4.4
55;0;2021-10-26;131449;128288;7244;181641.0;72.4;70.6;4.0
56;0;2021-10-26;635461;625257;33319;755566.0;84.1;82.8;4.4
57;0;2021-10-26;767900;748849;48737;1035866.0;74.1;72.3;4.7
58;0;2021-10-26;166837;164042;14264;199596.0;83.6;82.2;7.1
59;0;2021-10-26;1971048;1923743;103747;2588988.0;76.1;74.3;4.0
60;0;2021-10-26;565768;548812;27140;825077.0;68.6;66.5;3.3
61;0;2021-10-26;234630;229368;14788;276903.0;84.7;82.8;5.3
62;0;2021-10-26;1127744;1108782;60110;1452778.0;77.6;76.3;4.1
63;0;2021-10-26;502469;493954;27075;660240.0;76.1;74.8;4.1
64;0;2021-10-26;576288;570437;34035;683169.0;84.4;83.5;5.0
65;0;2021-10-26;196767;191493;12270;226839.0;86.7;84.4;5.4
66;0;2021-10-26;387507;382784;23666;479000.0;80.9;79.9;4.9
67;0;2021-10-26;875093;860966;38706;1132607.0;77.3;76.0;3.4
68;0;2021-10-26;542917;530076;24614;763204.0;71.1;69.5;3.2
69;0;2021-10-26;1493230;1473818;67132;1876051.0;79.6;78.6;3.6
70;0;2021-10-26;176527;172000;9972;233194.0;75.7;73.8;4.3
71;0;2021-10-26;442651;438799;30352;547824.0;80.8;80.1;5.5
72;0;2021-10-26;431995;422108;22851;560227.0;77.1;75.3;4.1
73;0;2021-10-26;333310;327472;17870;432548.0;77.1;75.7;4.1
74;0;2021-10-26;622420;609213;25689;828405.0;75.1;73.5;3.1
75;0;2021-10-26;2007447;1955459;100025;2148271.0;93.4;91.0;4.7
76;0;2021-10-26;1025066;1008940;56091;1243788.0;82.4;81.1;4.5
77;0;2021-10-26;946325;912386;40719;1423607.0;66.5;64.1;2.9
78;0;2021-10-26;916137;895786;53297;1448625.0;63.2;61.8;3.7
79;0;2021-10-26;299286;295991;16583;372627.0;80.3;79.4;4.5
80;0;2021-10-26;445715;435149;25438;569769.0;78.2;76.4;4.5
81;0;2021-10-26;299820;292999;17335;387898.0;77.3;75.5;4.5
82;0;2021-10-26;197975;193674;11162;262618.0;75.4;73.7;4.3
83;0;2021-10-26;796401;786299;46221;1073836.0;74.2;73.2;4.3
84;0;2021-10-26;424668;416681;22331;560997.0;75.7;74.3;4.0
85;0;2021-10-26;578282;574589;31229;683187.0;84.6;84.1;4.6
86;0;2021-10-26;346633;339292;21407;437398.0;79.2;77.6;4.9
87;0;2021-10-26;296006;290852;18806;370774.0;79.8;78.4;5.1
88;0;2021-10-26;291576;285594;17918;359520.0;81.1;79.4;5.0
89;0;2021-10-26;252072;246796;15700;332096.0;75.9;74.3;4.7
90;0;2021-10-26;102571;100976;5893;140145.0;73.2;72.1;4.2
91;0;2021-10-26;874445;853951;41372;1319401.0;66.3;64.7;3.1
92;0;2021-10-26;1172623;1143430;61134;1613762.0;72.7;70.9;3.8
93;0;2021-10-26;1342732;1246527;30849;1670149.0;80.4;74.6;1.8
94;0;2021-10-26;1070940;1044000;45306;1406041.0;76.2;74.3;3.2
95;0;2021-10-26;930074;893712;35093;1248354.0;74.5;71.6;2.8
971;0;2021-10-26;130415;118893;3441;376879.0;34.6;31.5;0.9
972;0;2021-10-26;129865;118134;3812;358749.0;36.2;32.9;1.1
973;0;2021-10-26;83559;72080;1015;290691.0;28.7;24.8;0.3
974;0;2021-10-26;508753;483743;9177;859959.0;59.2;56.3;1.1
976;0;2021-10-26;145528;110319;275;279471.0;52.1;39.5;0.1
977;0;2021-10-26;6807;6387;152;9961.0;68.3;64.1;1.5
978;0;2021-10-26;12942;11641;212;35334.0;36.6;32.9;0.6
